,ID,Created,User_id,User_name,User_flr,Text
0,1275940900863193088,2020-06-24 23:56:31,863027382986440704,opendoorslowly1,2353,@OMillionaires Notice the last time $nke #nke was up to 101.00  (prior to #covid19) it only had 40k #RobinhoodTraders owning it? This implies it was mostly institutions (smart money) but now you have over 100k accounts on robinhood owning it. Mostly 20 yr olds who don't know ditties about mkt.
1,1275939797186555906,2020-06-24 23:52:08,863027382986440704,opendoorslowly1,2353,"@OMillionaires Interesting, I'm trying to figure out who's Dim enough to buy $nke at $101.00 before earnings, when Adidas sales down 95% same qt loosing a $billion. No institution could be that careless or stupid 

Then I found this. It's #robinhood users. 

https://t.co/vymmDRHT8J https://t.co/YNDHeqwdbf"
2,1275936483581456384,2020-06-24 23:38:58,1254923318890655744,_trader_pete,14,"@m_vince My Bowflex/Nautilus $nls target is $11-12, and I‚Äôd not be surprised if an acquisition ($aapl, $fb, $nke, $sne) drove that price much, much higher, buy on a dip?"
3,1275931967775748096,2020-06-24 23:21:01,1136370591517290496,Gambiste1,6034,RT @incoapps: $aapl short term back to $355 and lower looks nice too. Really depends on where we open tomorrow. Ton of names to go through‚Ä¶
4,1275931924205318150,2020-06-24 23:20:51,1136370591517290496,Gambiste1,6034,RT @TDANetwork: LIVE on #MarketOnClose ‚û°Ô∏è @SiegelSimeon previews tomorrow‚Äôs Nike $NKE earnings with @OJRenick ‚úîÔ∏è https://t.co/sdsAF3Qslu
5,1275923938598694917,2020-06-24 22:49:07,1256266861001560066,c_labrinos,258,"RT @InvincibleBull: $AZN full of good news! Should be seeing new 52wk highs shortly. 

$SPY $MSFT $AMZN $FB $SBUX $JPM $CMG $JNJ $BABA $NKE‚Ä¶"
6,1275919413271826432,2020-06-24 22:31:08,1275559506102177793,incoapps,2,$aapl short term back to $355 and lower looks nice too. Really depends on where we open tomorrow. Ton of names to go through looking for best r/r via options both ways. Think we get a good move Friday on $nke earnings.
7,1275916918235463680,2020-06-24 22:21:13,1163696714,Flower_Power_67,897,"#FastMoneyEspresso
FINAL TRADES:
Tim Seymour ‚Äî&gt; buy $NKE
Karen Finerman ‚Äî&gt; buy $SBUX around $72
Dan Nathan ‚Äî&gt; buy $KR
Guy Adami ‚Äî&gt; buy $DG https://t.co/7kuqsOaGOv"
8,1275913916217012232,2020-06-24 22:09:17,1134049078424162304,newsfilterio,2043,UPDATE 2-New York City retailers welcome back shoppers but challenges loom $JWN $TIF $NKE $LULU $AMZN https://t.co/edHwoCcyGP
9,1275913410602053633,2020-06-24 22:07:17,1134049078424162304,newsfilterio,2043,New York City retailers welcome back shoppers but challenges loom $JWN $TIF $NKE $LULU $AMZN https://t.co/fAAa1N6FXA
10,1275910498836455427,2020-06-24 21:55:42,46751037,SteveHayeslip,56,"Much anticipated earnings tomorrow.
$NKE"
11,1275910122464841728,2020-06-24 21:54:13,2603182496,tradeui,557,Trending Now $FE $INO $FSLY $DSS $ACTT $WINS $NKE $APT $WYNN $REGN $ZGNX $BOIL $ALLY $XLRN $NG $DIS $RAD $PLUG $TTMI $SRNE
12,1275909670037860355,2020-06-24 21:52:25,32171776,InvincibleBull,567,"$AZN full of good news! Should be seeing new 52wk highs shortly. 

$SPY $MSFT $AMZN $FB $SBUX $JPM $CMG $JNJ $BABA $NKE $CCL $UNH $NVDA $DIS $VZ $TSLA $QQQ $MSI $WMT $NOW $NFLX $DECK $MELI $BKNG $PLNT $BA $CCL $WYNN $RCL $AAL"
13,1275908105730174978,2020-06-24 21:46:12,4250910893,samuelo996,114,"volatility, you gotta love it today $spy $baba $nke üí∞"
14,1275907942684987399,2020-06-24 21:45:33,438262278,MinteractApp,4053,"Wednesday's Top Flow in #consumer discretionary sector, Buy Flow &amp; Sell Flow $AMZN $HD $EXPE $NFLX $ORLY $DHI $TJX $GRMN $TRIP $TSCO $CMCSA $NKE $DIS $SBUX $MAR $MCD $GM $WYNN $JCI $DG #stock #stocks #StockMarket #Investment #investing #consumers https://t.co/5JE2nlalc3 https://t.co/QGHkfHWbRV"
15,1275907808265940992,2020-06-24 21:45:01,1259494808051163136,thebubbleboard,114,"Reporting #earnings tomorrow (Thu Jun 25th):

NIKE, Inc. ( $NKE )
Accenture Plc ( $ACN )

along with
$MKC $MKC.V $FDS $DRI $SNX $WOR $PRGS $EPAC 

follow them here:
https://t.co/2kqcmE6Hwd"
16,1275905496378011648,2020-06-24 21:35:50,15296897,MarketCurrents,51205,$NKE - Nike Q4 2020 Earnings Preview https://t.co/gh9jhwyOAO
17,1275901419426656256,2020-06-24 21:19:38,1256266861001560066,c_labrinos,258,"RT @fincuity: Amazon's sales are expected to pass Walmart üìà

$NKLA $AAPL $NFLX $DIS $MSFT $SPX $FB $UBER $LYFT $COST $GOOG $SPY $DAL $UAL $‚Ä¶"
18,1275901221681991680,2020-06-24 21:18:51,1256266861001560066,c_labrinos,258,"RT @MinteractApp: Wednesday's Top Flow in S&amp;P 500 #SP500, Buy Flow and Sell Flow $MSFT $AMZN $INTC $AAPL $GOOG $AMT $HD $COST $ADP $EXPE $B‚Ä¶"
19,1275900287472087048,2020-06-24 21:15:08,118652849,MichalFutera,336,"RT @MinteractApp: Wednesday's Top Flow in S&amp;P 500 #SP500, Buy Flow and Sell Flow $MSFT $AMZN $INTC $AAPL $GOOG $AMT $HD $COST $ADP $EXPE $B‚Ä¶"
20,1275900256123748354,2020-06-24 21:15:00,438262278,MinteractApp,4053,"Wednesday's Top Flow in S&amp;P 500 #SP500, Buy Flow and Sell Flow $MSFT $AMZN $INTC $AAPL $GOOG $AMT $HD $COST $ADP $EXPE $BA $JPM $BAC $CMCSA $AMD $ADBE $JNJ $CSCO $NKE $ORCL #stock #stocks #StockMarket #Investment #investing https://t.co/5JE2nlalc3 https://t.co/SLZ5yPVaaj"
21,1275899699896123397,2020-06-24 21:12:48,1101529833220251648,SiegelSimeon,30,RT @TDANetwork: LIVE on #MarketOnClose ‚û°Ô∏è @SiegelSimeon previews tomorrow‚Äôs Nike $NKE earnings with @OJRenick ‚úîÔ∏è https://t.co/sdsAF3Qslu
22,1275897690644189191,2020-06-24 21:04:49,4239450436,jmasonica,592,RT @tradewithdough: Does $SNAP deserve more love? @victorJ0NES and @RyanOndough are looking at Snap‚Äôs impressive growth story and its shift‚Ä¶
23,1275896573206171648,2020-06-24 21:00:22,1099039801397964802,EarningsAlley,201,"Upcoming earnings calls on Thursday, June 25 2020:
1. $NKE NIKE, Inc.
2. $ACN Accenture plc
3. $MKC McCormick &amp; Company, Incorporated
4. $FDS FactSet Research Systems Inc.
5. $DRI Darden Restaurants, Inc.
6. $SNX SYNNEX Corporation
7. $WOR Worthington Industries, Inc."
24,1275895750539567104,2020-06-24 20:57:06,1193658667113091072,fincuity,194,"Amazon's sales are expected to pass Walmart üìà

$NKLA $AAPL $NFLX $DIS $MSFT $SPX $FB $UBER $LYFT $COST $GOOG $SPY $DAL $UAL $LIND $NKE $DJI $AMD $GE $BAC $CCL $RCL $NCL $SAVE $AMZN $TSLA $OIL $BTC $AAL $F $BA $MRO $OILU $BAC $WFC $NKE $WMT $CLX $PTON $CSCO $WMT $ZM $GILD $M $NIO https://t.co/AiQcFgn4Iy"
25,1275895429008371713,2020-06-24 20:55:49,1103697514883092481,tradewithdough,1400,"Does $SNAP deserve more love? @victorJ0NES and @RyanOndough are looking at Snap‚Äôs impressive growth story and its shift towards content. Plus #coronavirus #cannabis sales continue, and #Nike earnings in focus $NKE . Watch the full episode! üëâ https://t.co/CadCxjBGxd https://t.co/huGKwZKnDb"
26,1275893800351776768,2020-06-24 20:49:21,1256266861001560066,c_labrinos,258,"RT @ObviousInvestor: Breaking News: Apple closing more stores 

$AMZN $AAPL $AMD $BA $BABA $FB $CRM $DDOG $TGT $GOOGL $ROKU $TSLA $SPX $SPY‚Ä¶"
27,1275893672127672325,2020-06-24 20:48:51,1256266861001560066,c_labrinos,258,"RT @Finscreener_com: DOW 30 Stocks with the highest Price Range Ratio: $AAPL $MSFT $HD $NKE $UNH
https://t.co/PJbbHOd6m7 https://t.co/1LSjT‚Ä¶"
28,1275892530241064961,2020-06-24 20:44:18,235133788,PSuiteNetwork,2947,Genius Brands $GNUS - Should Continue to Secure Celebrities and Add Content - #Sneakerheads Would Love A Show As Well Coordinated with #NIKE $NKE
29,1275891683461300230,2020-06-24 20:40:56,975337043944407040,Finscreener_com,295,"DOW 30 Stocks with the highest Price Range Ratio: $AAPL $MSFT $HD $NKE $UNH
https://t.co/PJbbHOd6m7 https://t.co/1LSjToiHot"
30,1275890142876782593,2020-06-24 20:34:49,751522518243106818,ObviousInvestor,468,"Breaking News: Apple closing more stores 

$AMZN $AAPL $AMD $BA $BABA $FB $CRM $DDOG $TGT $GOOGL $ROKU $TSLA $SPX $SPY $TDOC $COST $ZM $GILD $USO $NVDA $ROKU $BYND $SNAP #OOTT $TWTR $IBM $NKE $DJI $SHOP $SPOT #WWDC20¬†¬†¬†$DIS https://t.co/8GjrqyYudv"
31,1275889776890015744,2020-06-24 20:33:22,872519322077470721,TDANetwork,34245,LIVE on #MarketOnClose ‚û°Ô∏è @SiegelSimeon previews tomorrow‚Äôs Nike $NKE earnings with @OJRenick ‚úîÔ∏è https://t.co/sdsAF3Qslu
32,1275885786836189186,2020-06-24 20:17:31,931115585790009346,tq_equities,700,"$NKE breaks below key technical support level: https://t.co/7PcjgsVNyd
Sentiment: Slightly bearish #NKE #Nike"
33,1275884625362071554,2020-06-24 20:12:54,7455352,Options,20922,"#HotOptions Report For End Of Day June 24, 2020 ‚Äì $MSFT, $NBIX, $NKE    https://t.co/uSYsevXRVe https://t.co/MLEqzERxmT"
34,1275884198180450304,2020-06-24 20:11:12,939638254592290822,SagouspeMary,307,RT @bigrawdawg310: $JCPNQ $NKE Nike deal finalized! They should be coming out of BK very soon! https://t.co/W3AERICYq1 Possible $AMZN buyou‚Ä¶
35,1275883467327320064,2020-06-24 20:08:18,1191037345258233858,FCoy69,71,Week still #green. Took some #profits. Took some hits. $NKE $LLIT $KTOV. #mask #maskup #stonks
36,1275882227201531904,2020-06-24 20:03:22,1140762699002871808,deus_trader,507,"Optimus Maximus v2
2020-06-24 16:01 ET. *Closed/Covered previously shorted:
$NKE at $100.91 for 4.06 loss (-4.18%). Nike, Inc (CORP).
Trade Id: 46535288703062635.
Stats: https://t.co/I3x2oUEr9F"
37,1275881937865895936,2020-06-24 20:02:13,1083604680188452864,Aronphl,1357,RT @bigrawdawg310: $JCPNQ $NKE Nike deal finalized! They should be coming out of BK very soon! https://t.co/W3AERICYq1 Possible $AMZN buyou‚Ä¶
38,1275881860720201729,2020-06-24 20:01:54,1260836730,brebre0414,363,"1st out of the money call option, decided to take the quick profit &amp; set up another call for tomorrow #earnings $NKE thanks @toddbillion @CJ_Johnson17th for creating those courses everyone check them out üôèüèæ https://t.co/noH2GMggKR"
39,1275881438429282306,2020-06-24 20:00:14,1143761656138174464,Stock_Alarm,408,"Earnings happening tomorrow
2020-06-25: 
$NKE
$ACN
$MKCV
$MKC
$FDS"
40,1275880339311820801,2020-06-24 19:55:52,1189031161798057984,Official_Forex,277,RT @bigrawdawg310: $JCPNQ $NKE Nike deal finalized! They should be coming out of BK very soon! https://t.co/W3AERICYq1 Possible $AMZN buyou‚Ä¶
41,1275879618470428672,2020-06-24 19:53:00,2603182496,tradeui,557,"$ABBV AbbVie Option Alert: Jan 15 $85 Puts at the Bid: 1500 @ $6.1 vs 6518 OI; Earnings 7/24 Before Open [est] Ref=$94.85 [6/24/2020, 10:52:38 AM] [+$500k Sweeps Above Midpoint] Other Sweeps on: $EQX $BKLN $WORK $FCX $NKE $ORCL $LQD $LNC $LOW $INO $ZM $XLK"
42,1275879034531045377,2020-06-24 19:50:41,2499221053,JustTradingHoy,353,$UAA   $JD  is a big seller of https://t.co/XYzoWAgtkd and they just had a huge sell day.   $NKE too
43,1275878745325342720,2020-06-24 19:49:32,2422703600,SwingTradeBot,6873,20 DMA Support today: $NKE $POOL ... https://t.co/deOpbNqdR6
44,1275877663748620293,2020-06-24 19:45:14,118652849,MichalFutera,336,"RT @TickwatcherMF: Today Top Flow in #consumer discretionary sector, Buy Flow &amp; Sell Flow $EXPE $TJX $HD $ORLY $KMX $LOW $TRIP $DRI $JCI $R‚Ä¶"
45,1275877606030704640,2020-06-24 19:45:00,707079170644271104,TickwatcherMF,4031,"Today Top Flow in #consumer discretionary sector, Buy Flow &amp; Sell Flow $EXPE $TJX $HD $ORLY $KMX $LOW $TRIP $DRI $JCI $ROST $DIS $AMZN $NFLX $MAR $WYNN $CMCSA $NKE $F $SBUX $DG #stock #stocks #StockMarket #Investment #investing #consumers https://t.co/B7BWRcEdMH https://t.co/ubXD9oOvrH"
46,1275876466987802626,2020-06-24 19:40:29,118794845,MarcoDaCostaFX,4398,RT @JeffMacke: $NKE below $100. There‚Äôs a very good chance the stock moves with the tape when Nike reports. Huh. https://t.co/I39ub9IQmn
47,1275875914807566337,2020-06-24 19:38:17,24410456,JeffMacke,102138,@MotherCabriniNY I think $NKE will be pretty good.
48,1275873060445458433,2020-06-24 19:26:56,606615769,BeFullyInformed,1386,The $NKE Trade Ahead Of Earnings Strategy setup has a goal of an 80% return. https://t.co/nH27IZ0HjY
49,1275872900629909504,2020-06-24 19:26:18,154916394,expan09,288,RT @bigrawdawg310: $JCPNQ $NKE Nike deal finalized! They should be coming out of BK very soon! https://t.co/W3AERICYq1 Possible $AMZN buyou‚Ä¶
50,1275871394253987840,2020-06-24 19:20:19,1837352857,QuietstormQuiet,127,RT @bigrawdawg310: $JCPNQ $NKE Nike deal finalized! They should be coming out of BK very soon! https://t.co/W3AERICYq1 Possible $AMZN buyou‚Ä¶
51,1275870355756744710,2020-06-24 19:16:11,4916052456,mursetrades,155,RT @bigrawdawg310: $JCPNQ $NKE Nike deal finalized! They should be coming out of BK very soon! https://t.co/W3AERICYq1 Possible $AMZN buyou‚Ä¶
52,1275870107789488129,2020-06-24 19:15:12,4916052456,mursetrades,155,$JCPNQ $NKE NO OBJECTION FILED to Nike deal:üí•üî• https://t.co/oC3yh1tHpn https://t.co/gUXedNnl1l
53,1275869842315370496,2020-06-24 19:14:09,1059167950714867715,FaiJam3,649,RT @bigrawdawg310: $JCPNQ $NKE Nike deal finalized! They should be coming out of BK very soon! https://t.co/W3AERICYq1 Possible $AMZN buyou‚Ä¶
54,1275869340076773378,2020-06-24 19:12:09,1136370591517290496,Gambiste1,6034,"RT @AbeAbdon: We‚Äôll see a summary of $NKE ‚Äôs past year performance on 25th Jun, 2020. The firm with higher accruals would perform worse nex‚Ä¶"
55,1275869277090770944,2020-06-24 19:11:54,2324722381,bigrawdawg310,375,$JCPNQ $NKE Nike deal finalized! They should be coming out of BK very soon! https://t.co/W3AERICYq1 Possible $AMZN buyout?? #JCPenney #nike https://t.co/B2S1klBKg1
56,1275868686193221632,2020-06-24 19:09:33,580235440,Zboril_38,1327,RT @JeffMacke: $NKE below $100. There‚Äôs a very good chance the stock moves with the tape when Nike reports. Huh. https://t.co/I39ub9IQmn
57,1275867827673554944,2020-06-24 19:06:09,24410456,JeffMacke,102138,"Millennial Role Model.

Clothes available at https://t.co/YSD3prqkPw. (Probably best to use the app)  $NKE https://t.co/sjXdn4XkiH"
58,1275867738259419137,2020-06-24 19:05:47,398117523,TommyDofOC,157,@statsfundwill $NKE moving off sweeps 6/26?$105 20 minutes ago
59,1275867551931736067,2020-06-24 19:05:03,106504911,SwatResearch,38318,$NKE reversal back to 100+
60,1275864321717870594,2020-06-24 18:52:13,1038525770421993475,SwaggyStocks,2248,BULLISH SENTIMENT in $NKE Jun-26 calls at $105 strike price. $500K premium paid.
61,1275862216391024642,2020-06-24 18:43:51,1086050504210333696,askprofprofit,143,ü§æ $NKE Nike Is A Great Business But A Risky Stock https://t.co/RzXFUDlXO8 https://t.co/khOyMu8CEY
62,1275859535077543936,2020-06-24 18:33:12,1212296765099012096,datniggafis,46,"uber ride w jay-z or 10,000 shares of $NKE? ü§î"
63,1275856163695984646,2020-06-24 18:19:48,1256266861001560066,c_labrinos,258,RT @aaaamhim: $ITOX working on govt contract 4 bridges in NE?!üí∏üìàüõí $spx $es_f #daytrading #investing #futures $spy $nasdaq $zb_f $nq_f $cl_f‚Ä¶
64,1275856037644505089,2020-06-24 18:19:18,25762392,aaaamhim,17627,$ITOX working on govt contract 4 bridges in NE?!üí∏üìàüõí $spx $es_f #daytrading #investing #futures $spy $nasdaq $zb_f $nq_f $cl_f $GC_f $XOM $ibm $amzn $googl $AVGO $WFM $cvs $bac $td $WMT $COST $WFC $jnj $GE $GS $tsla $utx $fb $JPM $dis $MCD $mo $NKE $TGT $RHT $V $gc_f $BTC $CHEK https://t.co/ja0XQl34Pa
65,1275853780089700357,2020-06-24 18:10:20,1051066091823423488,xiscan1,816,RT @SeekingAlpha: $NKE - Nike Is A Great Business But A Risky Stock. https://t.co/JvoajdAUJ6 #stockmarket #trading #investing
66,1275853257370370050,2020-06-24 18:08:15,722650249819504640,thereallpharris,88,RT @JeffMacke: $NKE below $100. There‚Äôs a very good chance the stock moves with the tape when Nike reports. Huh. https://t.co/I39ub9IQmn
67,1275852849189191683,2020-06-24 18:06:38,24410456,JeffMacke,102138,@mrnutsobalzac Crushing. $NKE is genuinely angry their ass-kicking year has been ruined by this Virus. But cancelling sports is a big deal. The Bet is China is coming back strong and digital will be good.
68,1275852586684428289,2020-06-24 18:05:35,23059499,SeekingAlpha,138248,$NKE - Nike Is A Great Business But A Risky Stock. https://t.co/JvoajdAUJ6 #stockmarket #trading #investing
69,1275852548516298753,2020-06-24 18:05:26,1256778878951055365,VoicesofWallSt,205,"@JeffMacke lots of bullish sentiment on Wall St heading into $NKE earnings tomorrow
https://t.co/zqt1lKs0tF"
70,1275851937821450240,2020-06-24 18:03:00,1228505856657981441,WinWithMalliard,1264,"RT @derivedfromdata: Visits to #Nike locations down just 52% YoY even w/ #NewYork #NewJersey &amp; #California still closed

See more data: htt‚Ä¶"
71,1275851780367269889,2020-06-24 18:02:23,817007725666242561,MarketRebels,18489,RT @JeffMacke: $NKE below $100. There‚Äôs a very good chance the stock moves with the tape when Nike reports. Huh. https://t.co/I39ub9IQmn
72,1275851684183408642,2020-06-24 18:02:00,1251316760722182146,derivedfromdata,40,"Visits to #Nike locations down just 52% YoY even w/ #NewYork #NewJersey &amp; #California still closed

See more data: https://t.co/G5IevK0yUP

#Apparel #Athleisure #AI #ML #Shopping #NBA #NFL #MLB #FIFA #Barca #MANU $XLY $NKE $ADDYY $DKS $SKX $FL $UA $M $VFC $LULU $ELY $AMZN $TGT $F https://t.co/79sQqJhUF9"
73,1275851667578204162,2020-06-24 18:01:56,842016584386277377,AutonomousCNS,769,Nike's PT raised by Morgan Stanley to $119.00. overweight rating. https://t.co/OUK25DarAp $NKE #NKE via @RatingsNetwork
74,1275851453194809344,2020-06-24 18:01:05,24410456,JeffMacke,102138,$NKE below $100. There‚Äôs a very good chance the stock moves with the tape when Nike reports. Huh. https://t.co/I39ub9IQmn
75,1275851206036946944,2020-06-24 18:00:06,722926370280484864,bullishbrs,15378,"@Dru77585548 Risk off for me, today. We'll see how I feel tomorrow. Rest of the week will be risk off. I am in call credit spreads. Waiting for $NKE earnings"
76,1275844572011270146,2020-06-24 17:33:44,3325910554,mrhegonedrink,430,RT @ConsumerFeed: Nike $NKE Lifted to Hold at Zacks Investment Research https://t.co/9V6Ggz7uvx
77,1275839989851570178,2020-06-24 17:15:32,492845533,fri3d,320,I‚Äôm down today but I‚Äôll double up $NKE $shop calls ü§™
78,1275837482592960512,2020-06-24 17:05:34,2499221053,JustTradingHoy,353,Get on the 24hr trade on $NKE &amp; $UAA.  Folk need gear to ride their Peloton.  Summer is here and that extra weight needs to go.
79,1275837116174532608,2020-06-24 17:04:07,1256266861001560066,c_labrinos,258,"RT @ObviousInvestor: Apple roundup: iPhone sales drop in China

$AMZN $AAPL $AMD $BA $BABA $FB $CRM $DDOG $TGT $GOOGL $ROKU $TSLA $SPX $SPY‚Ä¶"
80,1275834699685007361,2020-06-24 16:54:30,751522518243106818,ObviousInvestor,468,"Apple roundup: iPhone sales drop in China

$AMZN $AAPL $AMD $BA $BABA $FB $CRM $DDOG $TGT $GOOGL $ROKU $TSLA $SPX $SPY $TDOC $COST $ZM $GILD $USO $NVDA $ROKU $BYND $SNAP #OOTT $TWTR $IBM $NKE $DJI $SHOP $SPOT #WWDC20¬†¬†$DIS https://t.co/VwHA3vBo5v"
81,1275834402115710976,2020-06-24 16:53:19,1242466508,tradeficionado,120,Friday will be $NKE death day. Just Watch
82,1275832324731613186,2020-06-24 16:45:04,3154096965,StocksCreamun,772,Huge variation: Nike  Inc. Common Stock $NKE 98.7300 down -3.1299% 12:39 https://t.co/Pa7hlovGSJ  #stocks
83,1275830826861654016,2020-06-24 16:39:07,948032872027275266,The_General75,304,"Time is money, join NOW

$AAPL $MSFT $AMZN $FB $NFLX $GOOGL $AMD $ZM $BYND $BA $BABA $DAL $WMT $HD $TSLA $QQQ $SPY $BA $NVDA $GS $COST $MA $ULTA $INCY $ROKU $SPY $QQQ $BAC $JPM $C $V $MMM $NKE $TSLA https://t.co/opvA6lJwDd"
84,1275826681043988481,2020-06-24 16:22:39,818481118483742720,MC_OptionTrades,3489,$NKE 26-Jun-20 ATM Implied Volatility is up +5.2% to 64.4. Straddle Implies a Move of ¬±5.2%. Earnings Jun 25 AMC. https://t.co/7t7gcAxAoM
85,1275825836025884673,2020-06-24 16:19:17,1256266861001560066,c_labrinos,258,"RT @InvincibleBull: Markets tanking because #Covid_19 but $AZN red as well but their drug is effective against it? That makes sense 

$SPY‚Ä¶"
86,1275825724188835840,2020-06-24 16:18:50,1242466508,tradeficionado,120,$NKE may get massacred this report
87,1275825369178877953,2020-06-24 16:17:26,1136370591517290496,Gambiste1,6034,"RT @Bullish78: $NKE earnings are out on Thursday, Buyng Call Spreads, Who agrees with me? 
#investors #investing #OptionsTrading #trading #‚Ä¶"
88,1275825119588384774,2020-06-24 16:16:26,1267322719311462401,MRe_hod,110,RT @mchaudhry82: $NKE Nike call volume above normal and directionally bullish https://t.co/nvrElcW3MK
89,1275825067503562755,2020-06-24 16:16:14,68559732,ConsumerFeed,5121,Nike $NKE Lifted to Hold at Zacks Investment Research https://t.co/9V6Ggz7uvx
90,1275824775542300672,2020-06-24 16:15:04,3154096965,StocksCreamun,772,Huge variation: Nike  Inc. Common Stock $NKE 98.4300 down -3.4243% 12:00 https://t.co/Pa7hlovGSJ  #stocks
91,1275824711616905219,2020-06-24 16:14:49,32171776,InvincibleBull,567,"Markets tanking because #Covid_19 but $AZN red as well but their drug is effective against it? That makes sense 

$SPY $MSFT $AMZN $FB $SBUX $JPM $CMG $JNJ $BABA $NKE $CCL $UNH $NVDA $DIS $VZ $TSLA $QQQ $MSI $WMT $NOW $NFLX $DECK $MELI $BKNG $PLNT $BA $CCL $WYNN $RCL $AAL"
92,1275824475267895301,2020-06-24 16:13:53,21066148,mchaudhry82,10118,$NKE Nike call volume above normal and directionally bullish https://t.co/nvrElcW3MK
93,1275824398524657664,2020-06-24 16:13:34,887052326472740866,stocknewstimes,1808,Nike $NKE Lifted to Hold at Zacks Investment Research  https://t.co/W3J40tHzXb
94,1275824270099329024,2020-06-24 16:13:04,901194327925325825,dispatchtribune,661,Nike $NKE Rating Increased to Hold at Zacks Investment Research https://t.co/XP7lFrMCgC
95,1275823273729818624,2020-06-24 16:09:06,1260937127304495104,kysampa,550,$NKE discount right before earnings? https://t.co/Ch9kX04EsA
96,1275822437070970880,2020-06-24 16:05:47,3646985662,sbwcws,157,"Nike call volume above normal and directionally bullish
$NKE"
97,1275821057870626816,2020-06-24 16:00:18,855754225212641281,LeftHand_Virgo,45,Y‚Äôall corny for doing that to $NKE today
98,1275817360184639488,2020-06-24 15:45:36,1140762699002871808,deus_trader,507,"Optimus Maximus v2
2020-06-24 11:45 ET. *Closed/Covered previously shorted:
$NKE at $98.40 for 2.42 profit (2.39%). Nike, Inc (CORP).
Trade Id: 46618866503015931.
Stats: https://t.co/I3x2oUEr9F"
99,1275817225392467968,2020-06-24 15:45:04,3154096965,StocksCreamun,772,Huge variation: Nike  Inc. Common Stock $NKE 98.6600 down -3.1986% 11:40 https://t.co/Pa7hlovGSJ  #stocks
100,1275816455909580802,2020-06-24 15:42:01,1251316760722182146,derivedfromdata,40,"#Peloton #jobs are up while #gyms are down.

See more data: https://t.co/tZkE62XPYP

#AltData #AI #ML #Covid19 #Nutrition #TB12 #GoldsGym #Yoga #24HourFitness #LifetimeFitness #Weightloss #TheNorthFace $PTON $CLUB $FIT $PLNT $T $LULU $WW $CMG $AAPL $DKS $F $HYG $M $NKE $UA $YELP https://t.co/z0MXWlNVfE"
101,1275815722942230530,2020-06-24 15:39:06,587018647,Bullish78,111,"$NKE earnings are out on Thursday, Buyng Call Spreads, Who agrees with me? 
#investors #investing #OptionsTrading #trading #earnings"
102,1275815308566171649,2020-06-24 15:37:27,1139387949768835072,TradeTipsApp,233,"#Earnings this week:

McCormick $MKC - Before the market opens
Darden Restaurants $DRI - Before the market opens
Nike $NKE - After the market closes

These three companies will all report tomorrow."
103,1275815237690638338,2020-06-24 15:37:10,1209149580257841153,AbeAbdon,3,"We‚Äôll see a summary of $NKE ‚Äôs past year performance on 25th Jun, 2020. The firm with higher accruals would perform worse next period, see https://t.co/Cmk5POBrdH. To calculate $NKE ‚Äôs accruals, see https://t.co/w6wzMQg1uD."
104,1275813480084299777,2020-06-24 15:30:11,862417859728855040,SpencerCanova,632,Waiting on $NKE earnings be like https://t.co/HpFwobuYpS
105,1275811686469865473,2020-06-24 15:23:04,2499221053,JustTradingHoy,353,tomorrow sports apparel  &amp; bluechip pack leader $NKE reports earnings after the market closes.  Asia is back and Europe is coming on too.  That enough for a change of sentiment.  Set eyes on NKE as Nike leads the way. Scale in on index induced drops.
106,1275809487048318988,2020-06-24 15:14:19,793860971731128322,opricot,114,$NKE Expiration:06/26/2020|MaxPain:98.0|High Put Open Interest:95.0(2334)|High Call Open Interest:105.0(5157) https://t.co/embGYzwwRg
107,1275807046726758400,2020-06-24 15:04:37,1256266861001560066,c_labrinos,258,"RT @InvincibleBull: $AZN under $52.5 nice opportunity thanks guys!!!! Covid winner üöÇüí∞üí∞üí∞üí∞üëçüèªüëçüèª

$SPY $MSFT $AMZN $FB $SBUX $JPM $CMG $JNJ $BA‚Ä¶"
108,1275806997561180164,2020-06-24 15:04:26,1256266861001560066,c_labrinos,258,"RT @ObviousInvestor: Dow is down 520 points within 90 minutes of opening bell..

 $AMZN $AAPL $AMD $BA $BABA $FB $CRM $DDOG $TGT $GOOGL $RO‚Ä¶"
109,1275806772662620167,2020-06-24 15:03:32,751522518243106818,ObviousInvestor,468,"Dow is down 520 points within 90 minutes of opening bell..

 $AMZN $AAPL $AMD $BA $BABA $FB $CRM $DDOG $TGT $GOOGL $ROKU $TSLA $SPX $SPY $TDOC $COST $ZM $GILD $USO $NVDA $ROKU $BYND $SNAP #OOTT $TWTR $IBM $NKE $DJI $SHOP $SPOT #WWDC20¬†$DIS"
110,1275805995953000450,2020-06-24 15:00:27,32171776,InvincibleBull,567,"$AZN under $52.5 nice opportunity thanks guys!!!! Covid winner üöÇüí∞üí∞üí∞üí∞üëçüèªüëçüèª

$SPY $MSFT $AMZN $FB $SBUX $JPM $CMG $JNJ $BABA $NKE $CCL $UNH $NVDA $DIS $VZ $TSLA $QQQ $MSI $WMT $NOW $NFLX $DECK $MELI $BKNG $PLNT $BA $CCL $WYNN $RCL $AAL"
111,1275805208367566849,2020-06-24 14:57:19,2499221053,JustTradingHoy,353,$UAA Asia is back on business positive outlook by $NKE is what the sector needs.   Nike report earnings tomorrow after the close:  https://t.co/PTOenHkqm4
112,1275803786800439298,2020-06-24 14:51:40,177789523,VonettaLogan,6671,"RT @EarningSurvivor: If YOU had the $250,000 Freeroll trade (sponsored by @thetastyworks), which direction would you pick for $NKE Friday?"
113,1275800445357703168,2020-06-24 14:38:24,1082726807919415296,XTRADES7,179,"Have a free trial! https://t.co/Pac62paGlO

$AMZN $AAPL $AMD $BA $BABA $FB $CRM $DDOG $TGT $GOOGL $ROKU $TSLA $SPX $SPY $TDOC $COST $ZM $GILD $USO $NVDA $ROKU $BYND $SNAP #OOTT $TWTR $IBM $NKE $DJI $SHOP $SPOT #WWDC20 $DIS https://t.co/47jx9xnYmU"
114,1275800406862544896,2020-06-24 14:38:14,751522518243106818,ObviousInvestor,468,"Oil level in stores much higher than expected  

$AMZN $AAPL $AMD $BA $BABA $FB $CRM $DDOG $TGT $GOOGL $ROKU $TSLA $SPX $SPY $TDOC $COST $ZM $GILD $USO $NVDA $ROKU $BYND $SNAP #OOTT $TWTR $IBM $NKE $DJI $SHOP $SPOT #WWDC20¬†$DIS"
115,1275800051479187458,2020-06-24 14:36:50,751522518243106818,ObviousInvestor,468,"This insane market will ruin alot of sensible traders ..

$AMZN $AAPL $AMD $BA $BABA $FB $CRM $DDOG $TGT $GOOGL $ROKU $TSLA $SPX $SPY $TDOC $COST $ZM $GILD $USO $NVDA $ROKU $BYND $SNAP #OOTT $TWTR $IBM $NKE $DJI $SHOP $SPOT #WWDC20¬†¬†¬†¬†$DIS"
116,1275799935317876744,2020-06-24 14:36:22,1154392968419315713,EarningSurvivor,578,"RT @AndySwan: I'm going to be on @tastytrade LIVE in 5 minutes to reveal the @EarningSurvivor Season 1 champion and get her $250,000 Freero‚Ä¶"
117,1275799683173175299,2020-06-24 14:35:22,690823,AndySwan,27776,"I'm going to be on @tastytrade LIVE in 5 minutes to reveal the @EarningSurvivor Season 1 champion and get her $250,000 Freeroll trade on $NKE

https://t.co/wbRqR5TKGn"
118,1275799653028696072,2020-06-24 14:35:15,1256266861001560066,c_labrinos,258,RT @IAM__Network: Facebook‚Äôs Advertising Boycott Is Gaining Steam @themotleyfool #stocks $FB $TMUS $DIS $BUD $VFC $DFS $MKC $NKE $PZZA $UN‚Ä¶
119,1275799433016487936,2020-06-24 14:34:22,226310002,IAM__Network,17568,"Facebook‚Äôs Advertising Boycott Is Gaining Steam @themotleyfool #stocks $FB $TMUS $DIS $BUD $VFC $DFS $MKC $NKE $PZZA $UN $TWTR $UBER $LYFT $DNTU.Y 

READ MORE: https://t.co/L6QAjDPXv7

#AdBuy #adsense #advertisement #advertising #ProductPlacement #Promotion #Traffic~ https://t.co/5sOJmIa1o4"
120,1275793809226465280,2020-06-24 14:12:01,887052326472740866,stocknewstimes,1808,Morgan Stanley Boosts Nike $NKE Price Target to $119.00  https://t.co/RIYqcavqfX
121,1275791043217195008,2020-06-24 14:01:02,950445812282265610,bbnsnews,210,Nike $NKE Given New $119.00 Price Target at Morgan Stanley  https://t.co/CICYANObzy
122,1275791041145290754,2020-06-24 14:01:01,901194327925325825,dispatchtribune,661,Morgan Stanley Boosts Nike $NKE Price Target to $119.00 https://t.co/XdvVizC5Rd
123,1275790642367561728,2020-06-24 13:59:26,68559732,ConsumerFeed,5121,Morgan Stanley Boosts Nike $NKE Price Target to $119.00 https://t.co/n0QAcLEr1c
124,1275788890515914752,2020-06-24 13:52:29,1001192245,TalkMarkets,3781,#DKS Eyes Third Straight Win On Cowen Upgrade $DKS Also $ADDYY $NKE https://t.co/rncoGDd78r
125,1275786641940996101,2020-06-24 13:43:33,39394073,PennyStocksMomo,8360,RT @247WallSt: Wednesday‚Äôs Top Analyst Upgrades and Downgrades Part 1: $AMZN $ACB $CAKE $CMCSA $DKS $KRC $LOGI $MS $NKE https://t.co/7xmDps‚Ä¶
126,1275784505282957312,2020-06-24 13:35:03,17622474,247WallSt,176899,Wednesday‚Äôs Top Analyst Upgrades and Downgrades Part 1: $AMZN $ACB $CAKE $CMCSA $DKS $KRC $LOGI $MS $NKE https://t.co/7xmDpsa1Mo https://t.co/KQfnS5oQFK
127,1275783862220722178,2020-06-24 13:32:30,1272039083095863297,STARINKSIGNALS,173,Market wasn‚Äôt looking good so closed out $NKE https://t.co/HIpD4D9Lco https://t.co/mu4EmxRDV6
128,1275781246971494400,2020-06-24 13:22:06,34255540,ivolatility,3879,Options expected to have increasing volume and IV movement:  $DELL $VMW $TMUS $NKE $BB. Best data in biz
129,1275780684251086854,2020-06-24 13:19:52,32171776,InvincibleBull,567,"@Nick86294519 Right, they pump up BK stocks that are worthless but $AZN about to cure the world of #COVID19 and everyone is like whatever üòÇü§∑üèª‚Äç‚ôÇÔ∏è

$SPY $MSFT $AMZN $FB $SBUX $JPM $CMG $JNJ $BABA $NKE $CCL $UNH $NVDA $DIS $VZ $TSLA $QQQ $MSI $WMT $NOW $NFLX $DECK $MELI $BKNG $PLNT $BA $CCL $WYNN"
130,1275780469343338498,2020-06-24 13:19:01,3141336723,BartVanTrading,1020,watchlist: $NIO $NKE $TMUS $DELL $HOG .. and today's special guest $NKLA CEO Trevor Milton in our trading room
131,1275771011103887361,2020-06-24 12:41:26,690823,AndySwan,27776,"RT @EarningSurvivor: If YOU had the $250,000 Freeroll trade (sponsored by @thetastyworks), which direction would you pick for $NKE Friday?"
132,1275770790559068163,2020-06-24 12:40:33,1154392968419315713,EarningSurvivor,578,"If YOU had the $250,000 Freeroll trade (sponsored by @thetastyworks), which direction would you pick for $NKE Friday?"
133,1275770262630301697,2020-06-24 12:38:27,849417718642159616,TheMarketsDaily,1389,Piper Sandler Analysts Raise Earnings Estimates for Nike Inc $NKE https://t.co/jYlCmXR8Pz
134,1275765356536217605,2020-06-24 12:18:58,982013743155634181,shaolintrader88,310,over the weekend i had on my spreadsheet notes...trade only big stocks.... what did i do trade $NKE easy winner ... ooops $GNMK n got handed a loss...dufus
135,1275765192803172352,2020-06-24 12:18:19,1274099264956903426,GrnBulls,83,$NKE earnings play. Will report quarterly results after market close on Thursday.
136,1275765003950460928,2020-06-24 12:17:34,852931863547084801,TranscriptDaily,658,FY2021 Earnings Estimate for Nike Inc Issued By Piper Sandler $NKE https://t.co/9K0icOWIbz
137,1275764799058726912,2020-06-24 12:16:45,2920258887,dakotafinancial,1522,Piper Sandler Analysts Raise Earnings Estimates for Nike Inc $NKE https://t.co/uyUs9fLQ3b
138,1275764354953236482,2020-06-24 12:14:59,1274099264956903426,GrnBulls,83,"BENZINGA PRO'S TOP 5 STOCKS TO WATCH FOR WED., JUN. 24, 2020: $NKE, $ENPH, $WAFU, $MYOV, $LEAF"
139,1275763977415462912,2020-06-24 12:13:29,849417718642159616,TheMarketsDaily,1389,Piper Sandler Analysts Raise Earnings Estimates for Nike Inc $NKE https://t.co/d227UcnQCP
140,1275762960552640513,2020-06-24 12:09:26,1274099264956903426,GrnBulls,83,"MORGAN STANLEY MAINTAINS OVERWEIGHT ON NIKE, RAISES PRICE TARGET TO $119 $NKE"
141,1275762291468726273,2020-06-24 12:06:47,773275476748099585,stockhoot,2417,$NKE Morgan Stanley Maintains to Overweight : PT $119.00 https://t.co/4kwsH34Scp
142,1275761743378120709,2020-06-24 12:04:36,1256266861001560066,c_labrinos,258,"RT @InvincibleBull: Everyone worrying about COVID= $AZN should be soaring since their drug shows to be effective against it ü§∑üèª‚Äç‚ôÇÔ∏è

$SPY $MS‚Ä¶"
143,1275761571164282880,2020-06-24 12:03:55,32171776,InvincibleBull,567,"Everyone worrying about COVID= $AZN should be soaring since their drug shows to be effective against it ü§∑üèª‚Äç‚ôÇÔ∏è

$SPY $MSFT $AMZN $FB $SBUX $JPM $CMG $JNJ $BABA $NKE $CCL $UNH $NVDA $DIS $VZ $TSLA $QQQ $MSI $WMT $NOW $NFLX $DECK $MELI $BKNG $PLNT $BA $CCL $WYNN $RCL $AAL"
144,1275761022222118913,2020-06-24 12:01:44,1481837144,WLF21771,2015,"RT @NetAdvisor: @TheLeoTerrell @FoxNews @seanhannity @realDonaldTrump Corporations Pledge $1.6 Billion to BLM.

$ Pledged to rebuild looted‚Ä¶"
145,1275760463553409024,2020-06-24 11:59:31,994035659382935553,DougCCCC,18,"RT @JeffMacke: $NKE tomorrow. Expectations feel really high, emotionally. Financially the street is looking for a 23% decline in EPS and dr‚Ä¶"
146,1275760107293294592,2020-06-24 11:58:06,24410456,JeffMacke,102138,"$NKE tomorrow. Expectations feel really high, emotionally. Financially the street is looking for a 23% decline in EPS and drop in trailing revenue, which no one will look at bc they'll want to know about ~the last 2 weeks.

We're basically running out the clock on the first 1/2. https://t.co/crepvSyljC"
147,1275752965475885056,2020-06-24 11:29:43,992182100,RatingsNetwork,7239,Piper Sandler Raises Nike FY2021 Earnings Estimates to $2.75 EPS (Previously $2.15). https://t.co/1sFJfVzJHE $NKE #NKE
148,1275749909187170305,2020-06-24 11:17:35,1218327505,LadyTruth7,1396,"RT @NetAdvisor: @TheLeoTerrell @FoxNews @seanhannity @realDonaldTrump Corporations Pledge $1.6 Billion to BLM.

$ Pledged to rebuild looted‚Ä¶"
149,1275749760083939328,2020-06-24 11:16:59,947913702,rmoultoncapital,4475,"RT @TrueBubbleHead: #GamePlan for Wednesday
*if strong, think $NKLA, $DENN long
*if weak, think $NFLX, $GH, $FSLY short
* #15ORB: tbd...
*‚Ä¶"
150,1275748504183373824,2020-06-24 11:12:00,25762392,aaaamhim,17627,$CBL OVERSOLD BOUNCING premarket!üí∏üìàüõíüçæ‚úà  $spx $es_f #daytrading #investing #futures $spy $nasdaq $zb_f $nq_f $cl_f $GC_f $XOM $ibm $amzn $googl $AVGO $WFM $cvs $bac $td $WMT $COST $WFC $jnj $GE $GS $tsla $utx $fb $JPM $dis $MCD $mo $NKE $TGT $RHT $V $gc_f $BTC $CHEK https://t.co/Lhp5K6B5j7
151,1275745329191817217,2020-06-24 10:59:23,2298709746,WatchlistN,2488,Nike $NKE Given New $117.00 Price Target at BTIG Research https://t.co/GWABGk0kAV
152,1275743261131452417,2020-06-24 10:51:10,118652849,MichalFutera,336,"RT @Tickeron: $NKE in +6.41% Uptrend, growing for three consecutive days on June 23, 2020. View odds for this and other indicators: https:/‚Ä¶"
153,1275743201068892163,2020-06-24 10:50:55,374729426,Tickeron,4611,"$NKE in +6.41% Uptrend, growing for three consecutive days on June 23, 2020. View odds for this and other indicators: https://t.co/l04E3jumUL #stockmarket #stock #technicalanalysis #money #trading #investing #daytrading #news #today https://t.co/UloiVAbDKJ"
154,1275738913127219202,2020-06-24 10:33:53,701864534538113026,InsidrFinancial,4938,"$WYNN $MGM $OXY $BP $MAR $DIS $NKE $SBUX $BA $CLL

#stocks #stockstobuy #stockstowatch #wynn #mgm #starbucks #carnival #nike #marriott #disney #dis

https://t.co/8CWyNyaDSm"
155,1275738014287908873,2020-06-24 10:30:19,374729426,Tickeron,4611,"Nike, Inc. - Ordinary Shares - Class B to report earnings on June 25, 2020. Earnings per share (EPS) estimate: $0.12 $NKE #stockmarket #stock #earnings #money #trading #investing #daytrading #news #today https://t.co/c6IB5S74Nn"
156,1275735011891851265,2020-06-24 10:18:23,1256266861001560066,c_labrinos,258,RT @InvincibleBull: With #coronavirus cases soaring $AZN is going to be the Hero of it all. Their drug is showing it is effective against c‚Ä¶
157,1275733439749160962,2020-06-24 10:12:08,68559732,ConsumerFeed,5121,Nike $NKE Given ‚ÄúBuy‚Äù Rating at Credit Suisse Group https://t.co/mP0BxxRKmP
158,1275732446798131201,2020-06-24 10:08:11,32171776,InvincibleBull,567,"With #coronavirus cases soaring $AZN is going to be the Hero of it all. Their drug is showing it is effective against covid üí™üèªüí™üèªüí™üèª 

$SPY $MSFT $AMZN $FB $SBUX $JPM $CMG $JNJ $BABA $NKE $CCL $UNH $NVDA $DIS $VZ $TSLA $QQQ $MSI $WMT $NOW $NFLX $DECK $MELI $BKNG $PLNT $BA $CCL"
159,1275731343226351619,2020-06-24 10:03:48,1256266861001560066,c_labrinos,258,"RT @XTRADES7: Check our winning room. Everyone should join here for good profits. https://t.co/Pac62pshKo

$SPY $MSFT $AMZN $FB $SBUX $JPM‚Ä¶"
160,1275728595600670723,2020-06-24 09:52:53,1136370591517290496,Gambiste1,6034,"RT @InvincibleBull: $AZN The company recently signed several agreements that will allow it to produce over 2 billion doses. ü§§ü§§ü§§ü§§üöÇüí∞üí∞üí∞üí∞

$SPY‚Ä¶"
161,1275727952131624960,2020-06-24 09:50:20,1082726807919415296,XTRADES7,179,"Check our winning room. Everyone should join here for good profits. https://t.co/Pac62pshKo

$SPY $MSFT $AMZN $FB $SBUX $JPM $CMG $JNJ $BABA $NKE $CCL $UNH $NVDA $DIS $VZ $TSLA $QQQ $MSI $WMT $NOW $NFLX $DECK $MELI $BKNG $PLNT $BA $CCL $WYNN $RCL https://t.co/FiEvVQXYiI"
162,1275727847601119236,2020-06-24 09:49:55,1256266861001560066,c_labrinos,258,"RT @InvincibleBull: $AZN The company recently signed several agreements that will allow it to produce over 2 billion doses. ü§§ü§§ü§§ü§§üöÇüí∞üí∞üí∞üí∞

$SPY‚Ä¶"
163,1275727414895816709,2020-06-24 09:48:12,1256266861001560066,c_labrinos,258,"RT @InvincibleBull: $AZN The answer to #covid19 that we have been looking for!!! Yuge winner! 

$SPY $MSFT $AMZN $FB $SBUX $JPM $CMG $JNJ $‚Ä¶"
164,1275727398542151683,2020-06-24 09:48:08,32171776,InvincibleBull,567,"$AZN The company recently signed several agreements that will allow it to produce over 2 billion doses. ü§§ü§§ü§§ü§§üöÇüí∞üí∞üí∞üí∞

$SPY $MSFT $AMZN $FB $SBUX $JPM $CMG $JNJ $BABA $NKE $CCL $UNH $NVDA $DIS $VZ $TSLA $QQQ $MSI $WMT $NOW $NFLX $DECK $MELI $BKNG $PLNT $BA $CCL $WYNN $RCL"
165,1275726523157405697,2020-06-24 09:44:39,32171776,InvincibleBull,567,"$AZN The answer to #covid19 that we have been looking for!!! Yuge winner! 

$SPY $MSFT $AMZN $FB $SBUX $JPM $CMG $JNJ $BABA $NKE $CCL $UNH $NVDA $DIS $VZ $TSLA $QQQ $MSI $WMT $NOW $NFLX $DECK $MELI $BKNG $PLNT $BA $CCL $WYNN $RCL $AAL https://t.co/ulYx4zJWKs"
166,1275725883093987332,2020-06-24 09:42:07,901194327925325825,dispatchtribune,661,Nike $NKE Given New $113.00 Price Target at Needham &amp; Company LLC https://t.co/xkA8AHcE1e
167,1275725615057035265,2020-06-24 09:41:03,950445812282265610,bbnsnews,210,Nike $NKE Given ‚ÄúBuy‚Äù Rating at Credit Suisse Group  https://t.co/rFhSzo3mFD
168,1275725408206553089,2020-06-24 09:40:13,887052326472740866,stocknewstimes,1808,Nike $NKE PT Raised to $113.00 at Needham &amp; Company LLC  https://t.co/uXQZGJh5Vq
169,1275719702162046976,2020-06-24 09:17:33,1172544485571604481,BulldudeC,3724,"3 Stocks #Breakout a Trendline Yesterday

https://t.co/xRDDE5ZCeR

$NTES $NKE $GOOG #stocks #investing #trading"
170,1275706479803281411,2020-06-24 08:25:00,2338882843,dailypoliticaln,1298,Nike $NKE PT Raised to $104.00 https://t.co/3nz2Xp8Il6
171,1275706431107485696,2020-06-24 08:24:49,930803511918411776,ThisLincolnian,684,Nike $NKE Given New $112.00 Price Target at Piper Sandler https://t.co/BzlkSIGtlJ
172,1275706422127452161,2020-06-24 08:24:47,930803511918411776,ThisLincolnian,684,Nike $NKE PT Raised to $104.00 https://t.co/apW3tgopo3
173,1275706277998538754,2020-06-24 08:24:12,966006214818697218,EnterpriseLeade,620,Nike $NKE Price Target Increased to $104.00 by Analysts at JPMorgan Chase &amp; Co.  https://t.co/1jZUD7v3k7
174,1275706270188699649,2020-06-24 08:24:10,966006214818697218,EnterpriseLeade,620,Nike‚Äôs $NKE Buy Rating Reaffirmed at Pivotal Research  https://t.co/5SiKGueqFY
175,1275706265918935042,2020-06-24 08:24:09,966006214818697218,EnterpriseLeade,620,Nike $NKE PT Raised to $112.00  https://t.co/TtG9WRRqci
176,1275705675641954304,2020-06-24 08:21:49,1979190776,TickerReport,3237,Nike $NKE PT Raised to $112.00 https://t.co/sW0z4zwaNN
177,1275705646894256129,2020-06-24 08:21:42,849417718642159616,TheMarketsDaily,1389,Nike‚Äôs $NKE Buy Rating Reaffirmed at Pivotal Research https://t.co/k5YlldaQfe
178,1275704505682866176,2020-06-24 08:17:10,752958203281932288,ProfectuSystems,400,Auto-trading subcriptions available at Profectus Systems: $REXX $WLL $SRPT $GALE $XOM $F $GM $NKE $SBUX $FCX $LUV $AAL $PZZA $DPZ
179,1275684365696147456,2020-06-24 06:57:08,2920258887,dakotafinancial,1522,Nike $NKE PT Raised to $122.00 https://t.co/GtsYLSug9Z
180,1275684241196625922,2020-06-24 06:56:38,852931863547084801,TranscriptDaily,658,Nike $NKE PT Raised to $122.00 https://t.co/hxt2as36xn
181,1275683895875383298,2020-06-24 06:55:16,849417718642159616,TheMarketsDaily,1389,Nike $NKE Given New $122.00 Price Target at UBS Group https://t.co/Gn5CT4islJ
182,1275683712441757696,2020-06-24 06:54:32,2612446950,spacelegacies,332,"RT @NetAdvisor: @TheLeoTerrell @FoxNews @seanhannity @realDonaldTrump Corporations Pledge $1.6 Billion to BLM.

$ Pledged to rebuild looted‚Ä¶"
183,1275671414859862016,2020-06-24 06:05:40,966006214818697218,EnterpriseLeade,620,Nike $NKE PT Raised to $130.00 at Susquehanna Bancshares  https://t.co/dJtLiZm0b6
184,1275670659528605698,2020-06-24 06:02:40,849417718642159616,TheMarketsDaily,1389,Nike $NKE PT Raised to $130.00 at Susquehanna Bancshares https://t.co/I5lFrPPfnR
185,1275670505497022465,2020-06-24 06:02:03,852931863547084801,TranscriptDaily,658,Nike $NKE PT Raised to $130.00 at Susquehanna Bancshares https://t.co/3tGaic7uhp
186,1275659617662570505,2020-06-24 05:18:48,849417718642159616,TheMarketsDaily,1389,Nike $NKE Scheduled to Post Earnings on Thursday https://t.co/nK54SIod4J
187,1275659266007891970,2020-06-24 05:17:24,852931863547084801,TranscriptDaily,658,Nike $NKE Scheduled to Post Earnings on Thursday https://t.co/8Pv8pMSSIQ
188,1275659109954719745,2020-06-24 05:16:47,950445812282265610,bbnsnews,210,Nike $NKE Scheduled to Post Earnings on Thursday  https://t.co/X6zoP0UgV3
189,1275658931470315522,2020-06-24 05:16:04,68559732,ConsumerFeed,5121,Nike $NKE Scheduled to Post Earnings on Thursday https://t.co/jRXdZjIDA7
190,1275657683966865411,2020-06-24 05:11:07,121370906,ChartMill,5405,"$PUK, $NKE and $BHP gapping up today. https://t.co/PbNVXgU5Mk"
191,1275651386915553280,2020-06-24 04:46:05,72185690,15minofPham,2011,"Tues (6/23/20) bullish R-Squared(63) abv .80 X abv 5-day price channel with highest % above the opening 30-min high &amp; trading range &gt; 80% (Min $5 &amp; Vol 750K, Min Opt Vol 250 in any strike): $PENN $NVAX $MYOV $NTES $NKE $BWA https://t.co/jKfH3JifRm"
192,1275646773021806594,2020-06-24 04:27:45,72185690,15minofPham,2011,"Tues (6/23/20) X Abv 5-Day price channel with highest % above the opening 30-min high &amp; Trading range &gt; 80% (Min $5, Vol 750K, Opt Vol in any strike 250): $CODX $KDMN $PENN $DVAX $VSTO $NVAX $NKLA $MYOV $SRNE $DOYU $MHK $UPS $NTES $PFGC $NKE https://t.co/1nUSFlYzUz"
193,1275644106535026692,2020-06-24 04:17:09,752958203281932288,ProfectuSystems,400,Fundamental Income Generator trading system: https://t.co/POeECWTOhM #fundamental #income $PSX $MON $BUD $UTX $AAPL $BAC $SBUX $NKE
194,1275642328133373953,2020-06-24 04:10:05,121370906,ChartMill,5405,"A very nice breakout setup pattern for $NKE, will it break out? https://t.co/pDA6NuwZk5"
195,1275629115123601408,2020-06-24 03:17:35,1188453101323325447,SplinterCapital,88,"RT @TrueBubbleHead: #GamePlan for Wednesday
*if strong, think $NKLA, $DENN long
*if weak, think $NFLX, $GH, $FSLY short
* #15ORB: tbd...
*‚Ä¶"
196,1275626800391938049,2020-06-24 03:08:23,1098118237345087489,Leanne80626780,21,"RT @NetAdvisor: @TheLeoTerrell @FoxNews @seanhannity @realDonaldTrump Corporations Pledge $1.6 Billion to BLM.

$ Pledged to rebuild looted‚Ä¶"
197,1275616428373278721,2020-06-24 02:27:10,923968748033335297,TrueBubbleHead,11815,"#GamePlan for Wednesday
*if strong, think $NKLA, $DENN long
*if weak, think $NFLX, $GH, $FSLY short
* #15ORB: tbd...
* #30ORB: $NKE, $ABBV, $MA, $MU, $SPR
* INSIDE #60ANCHOR: $BA
*The Go-To List"
198,1275615571808268289,2020-06-24 02:23:46,975143158093885442,SergDJB,1816,"Luv'/Hate relationship today with them pigs and had my first RED day in in about two weeks I think. $SPY $FB $TSLA $TWTR $MU $MSFT $INTC $PTON $FSLY $SNAP $SQ $NKE $BYND $v don't chase
https://t.co/qodH7IlN46
https://t.co/fkQ9G5X0fB
https://t.co/DvUeqCl2I0
https://t.co/fJn680GtHm https://t.co/dwkhu2PpEQ"
199,1275613546194272258,2020-06-24 02:15:43,2187691917,gvdfun1,641,"RT @NetAdvisor: @TheLeoTerrell @FoxNews @seanhannity @realDonaldTrump Corporations Pledge $1.6 Billion to BLM.

$ Pledged to rebuild looted‚Ä¶"
200,1275597759232557058,2020-06-24 01:12:59,889957348793606144,OlympiaReport,534,Nike $NKE Price Target Raised to $112.00 at Piper Sandler https://t.co/fa2uH1MP6Y
201,1275597659890475011,2020-06-24 01:12:36,1105563273833955330,oilbot123,188,"RT @ObviousInvestor: THIS MADE ME LAUGH ..

 $AMZN $AAPL $AMD $BA $BABA $FB $CRM $DDOG $TGT $GOOGL $ROKU $TSLA $SPX $SPY $TDOC $COST $ZM $G‚Ä¶"
202,1275595620225515520,2020-06-24 01:04:29,1256266861001560066,c_labrinos,258,"RT @ObviousInvestor: THIS MADE ME LAUGH ..

 $AMZN $AAPL $AMD $BA $BABA $FB $CRM $DDOG $TGT $GOOGL $ROKU $TSLA $SPX $SPY $TDOC $COST $ZM $G‚Ä¶"
203,1275591734446247936,2020-06-24 00:49:03,751522518243106818,ObviousInvestor,468,"THIS MADE ME LAUGH ..

 $AMZN $AAPL $AMD $BA $BABA $FB $CRM $DDOG $TGT $GOOGL $ROKU $TSLA $SPX $SPY $TDOC $COST $ZM $GILD $USO $NVDA $ROKU $BYND $SNAP #OOTT $TWTR $IBM $NKE $DJI $SHOP $SPOT #WWDC20¬†¬†¬†$DIS https://t.co/A9ZE7cncRz"
204,1275588739641888773,2020-06-24 00:37:09,456107944,Tony_BATtista,23058,"RT @EarningSurvivor: WATCH LIVE on @tastytrade as our champ, Laurel P., makes her $250,000 Freeroll trade on $NKE.  We are also hearing rum‚Ä¶"
205,1275587574669742081,2020-06-24 00:32:31,889957348793606144,OlympiaReport,534,Nike $NKE Price Target Raised to $122.00 https://t.co/ozYsrKcD9W
206,1275585746045472773,2020-06-24 00:25:15,32171776,InvincibleBull,567,"$AZN 2 thumbs up plus huge #covid news!!! This baby is a grand slam 

$SPY $MSFT $AMZN $FB $SBUX $JPM $CMG $JNJ $BABA $NKE $CCL $UNH $NVDA $DIS $VZ $TSLA $QQQ $MSI $WMT $NOW $NFLX $DECK $MELI $BKNG $PLNT $BA $CCL $WYNN $RCL $AAL https://t.co/aIXcpoEPbS"
