,Sentiment,User_flr,Text
2020-07-09 01:04:01,-1,89,"$ROKU
Reaching our target 136.86 this week.
If breaks above and holds steady, this things is going to fly&gt;
All targets remain in place.

#ILMtraders #dtilmtradersROKU https://t.co/9ucdhDtjpK"
2020-07-09 01:22:21,1,241,"RT @firas_shaher: $ROKU such a beautiful chart.

Wedge break above resistance, retraced and now seems to bounce off support. Give me a stro‚Ä¶"
2020-07-09 02:08:32,1,6320,RT @DayTradersGroup: $ROKU Jul-10-20 117 Calls now up +92% @ 9 from @ 4.70 https://t.co/suFD93lq3W
2020-07-09 02:09:28,-1,84,RT @szaman: $ROKU Chart via @MarketSmith #IBDpartner. Expecting this range breaks out soon. https://t.co/nJ6mXAksU0
2020-07-09 02:13:34,1,17,"RT @EconomyApp: SMART Stocks Are The New FANG

I'm offering a new acronym for the next wave of  dominant technology companies leading our d‚Ä¶"
2020-07-09 02:14:30,1,1,RT @DayTradersGroup: $ROKU Jul-10-20 117 Calls now up +92% @ 9 from @ 4.70 https://t.co/suFD93lq3W
2020-07-09 02:26:48,-1,6320,RT @szaman: $ROKU Chart via @MarketSmith #IBDpartner. Expecting this range breaks out soon. https://t.co/nJ6mXAksU0
2020-07-09 05:19:56,1,40,"RT @firas_shaher: $ROKU such a beautiful chart.

Wedge break above resistance, retraced and now seems to bounce off support. Give me a stro‚Ä¶"
2020-07-09 06:47:29,1,164,"$ROKU 135 level key here shaping up nice intraday and on daily, been awhile since this had a nice ripper on 1 day https://t.co/NulolkJ7p7"
2020-07-09 07:11:44,1,26,$ROKU looking good top of the channel. PT 160-170 https://t.co/evzGt37tEg
2020-07-09 07:19:57,1,110,"RT @breadboxalerts: Today's highlights including fantastic wins on $BABA and $NIO! 

25% off your 1st month

https://t.co/6ApU6Begvi

$AAPL‚Ä¶"
2020-07-09 07:20:19,1,193,"RT @breadboxalerts: Today's highlights including fantastic wins on $BABA and $NIO! 

25% off your 1st month

https://t.co/6ApU6Begvi

$AAPL‚Ä¶"
2020-07-09 07:20:40,1,2213,"RT @breadboxalerts: Today's highlights including fantastic wins on $BABA and $NIO! 

25% off your 1st month

https://t.co/6ApU6Begvi

$AAPL‚Ä¶"
2020-07-09 07:20:57,1,138,"RT @breadboxalerts: Today's highlights including fantastic wins on $BABA and $NIO! 

25% off your 1st month

https://t.co/6ApU6Begvi

$AAPL‚Ä¶"
2020-07-09 07:22:27,1,5725,"RT @breadboxalerts: Today's highlights including fantastic wins on $BABA and $NIO! 

25% off your 1st month

https://t.co/6ApU6Begvi

$AAPL‚Ä¶"
2020-07-09 07:22:32,1,5725,RT @breadboxalerts: An amazing win on a swing trade on $TME for over 240% this morning! And our weekend study from our #education room on $‚Ä¶
2020-07-09 07:37:09,1,7,RT @T3_trading: $ROKU looking good top of the channel. PT 160-170 https://t.co/evzGt37tEg
2020-07-09 07:55:30,1,55,@PeterTrader99 Well I'm still rooting for you in $ROKU. It's ATR is near 7 so I hope it makes a run up for you today/tomorrow.
2020-07-09 08:04:11,1,2,RT @DayTradersGroup: $ROKU Jul-10-20 117 Calls now up +92% @ 9 from @ 4.70 https://t.co/suFD93lq3W
2020-07-09 08:48:09,1,1290,"RT @traderA_B: $ROKU Update - setting up for more üöÄüöÄ

3 day chop to form a daily bull flag above resistance  

Weekly hammer confirmed up ‚úÖ‚Ä¶"
2020-07-09 08:51:25,-1,141,$ROKU potentially breakout here.... If this breaks 137...it will go to 150 area.... Keep an eye on it.
2020-07-09 08:58:13,1,11929,$ROKU back to back inside days at KEY spot on all timeframes - rotation up attempt today. Closes $136+ can trigger quite the breakout here.
2020-07-09 09:00:15,1,334,"RT @firas_shaher: $ROKU such a beautiful chart.

Wedge break above resistance, retraced and now seems to bounce off support. Give me a stro‚Ä¶"
2020-07-09 09:02:43,1,2691,"$ROKU was able to hold 134 overnight and is currently at 135.30. I would like to see ROKU dip a bit at the open, get bought up then break through the 136 resistance with a target of 138.50, and if 138.50 is able to hold it can see up to 140."
2020-07-09 09:07:50,1,988,"$ROKU pre-market strength, up 1.4%. Really testing that trendline resistance here, good chance this breaks if strength holds

Looks like I'm buying calls at the open https://t.co/fTSWYfMtpE"
2020-07-09 09:09:28,1,2714,"RT @firas_shaher: $ROKU pre-market strength, up 1.4%. Really testing that trendline resistance here, good chance this breaks if strength ho‚Ä¶"
2020-07-09 09:17:48,1,150,"$MRVL $TWTR and $ROKU , 3 stocks poised to break up on open
$NVAX poised to potentially break down on open"
2020-07-09 09:27:31,-1,150,$ROKU breaking out pre-market
2020-07-09 09:31:53,1,4,RT @DayTradersGroup: $ROKU Jul-10-20 117 Calls now up +92% @ 9 from @ 4.70 https://t.co/suFD93lq3W
2020-07-09 09:32:55,1,385,"https://t.co/Pj9Gu287hf
$ROKU   to Calls_Bullish_Stock_Option ($SL 20%).]  ="
2020-07-09 09:34:41,1,343,$roku boom trigger breakout over 136 https://t.co/shaN4kNg5X
2020-07-09 09:34:55,1,731,$ROKU up 5% already
2020-07-09 09:42:06,1,289,long $ROKU looking very strong
2020-07-09 09:42:45,1,366,$ROKU these are 140 calls picked up in chat at 2.2. Now over 3.5 https://t.co/YIH84lMa6m
2020-07-09 09:42:50,1,4648,$ROKU Strong today This broke above 136.25. Easy +4 point play if you pulled the trigger...
2020-07-09 09:44:38,-1,254,$ROKU ripping higher. Missed an entry https://t.co/j5359Ggwzl
2020-07-09 09:45:35,1,7886,$roku need to keep above 139.  Looking good so far.
2020-07-09 09:46:27,-1,19,"$ROKU üëÄ this one has some legs, breaking out of multimonth downtrend on volume"
2020-07-09 09:50:48,-1,695,THE IGNORANCE OF BEING SHORT $ROKU. THESE SHORTS WERE AS STUPID AS THEY COME AND DESERVE THE MOST SEVERE PUNISHMENT. FINTWIT IDIOTS.
2020-07-09 09:51:24,1,2691,$ROKU calls up 40%. I am targeting 143. I set a stop around 25%
2020-07-09 09:52:06,1,29981,"$ROKU Good volume today room to 150 then 153 and test that gap if it holds. @TrendSpider

https://t.co/YxCubn57HI"
2020-07-09 09:52:16,-1,588,"@pawan1234o @T66476371 @johnscharts Nice Pawan! Patience paid off on this one. $ROKU, moving this morning. NP, watching, missed entry this morning."
2020-07-09 09:52:17,1,232,"RT @OptionsMike: $ROKU Good volume today room to 150 then 153 and test that gap if it holds. @TrendSpider

https://t.co/YxCubn57HI"
2020-07-09 09:52:19,-1,316,Been really busy. Closed $wdi short. Opened and closed $nkla short for a fat profit. Unsuccessful $roku short. Closed it. Reopened $nkla short.
2020-07-09 09:52:32,1,895,7pts and climbing on $ROKU stop raised to $140 üìà
2020-07-09 09:53:12,1,3015,"$ROKU  1D
New even more bullish count..quad 1,2's https://t.co/bRUD9GAEPr"
2020-07-09 09:53:40,-1,366,"$ROKU closed our 50% of position in $140 cals 2.20-4.07. 
$WMT closed our 50% of position in 126 cals 1.16-1.70"
2020-07-09 09:53:57,1,2352,"$roku daily, Perfect move off open. Grabbed 140c at 2.35. sitting at 4.30. Holding for now. GL https://t.co/Ay6Va53rzC https://t.co/IXHne6ZwgO"
2020-07-09 09:54:23,1,60,$ROKU  Looking good also  @DavisMartin88 https://t.co/wwEdjLzWke
2020-07-09 09:54:23,1,64,"$ROKU Great move on the day, no position, but I know @data168 must be having a good day https://t.co/glrPh7oD12"
2020-07-09 09:54:55,1,13392,$ROKU looked good on that 123/125 breakout looking better today; 150+ target
2020-07-09 09:55:07,1,1701,$ROKU up 20% selling 1/4
2020-07-09 09:55:24,1,142,Out of $ROKU will buy a pullback which means it won't pullback
2020-07-09 09:56:02,1,731,$ROKU climbing higher here 142 https://t.co/40013jPzKr
2020-07-09 09:57:13,-1,1059,$ROKU finally breaking out. https://t.co/aXnOv3VlKY
2020-07-09 09:58:20,-1,23,$ROKU breaking out
2020-07-09 09:59:14,1,429,$roku great morning https://t.co/cAv0zyPSUK
2020-07-09 09:59:47,-1,262,"$162.64 fib extension, ~155-160ish gap fill on $ROKU. Messy with all of the fibs overlaid but we have broken out of the resistance I was watching would like to hold 135-138+ for continuation https://t.co/gBSeqFQjAb #ROKU"
2020-07-09 10:01:13,-1,1,"$ROKU

Do we expect a Breakout?

if it breaks sept 2019 high potential TP might 335-400? https://t.co/shYguwK927"
2020-07-09 10:02:57,1,187,$ROKU looking good so far https://t.co/m28GTFnFVc https://t.co/klX5QQCa8M
2020-07-09 10:03:15,-1,267,$ROKU 117-143 update chart finished inverse shoulder pattern now breaking thru that 135 neckline very nicely this thing CAN MOVEE #forthehaters https://t.co/uGUFVRC15T https://t.co/2g9TNJwAj0
2020-07-09 10:03:40,1,344,RT @IqResearch: Q BioMed (QBIO) up after CEO‚Äôs interview. Says firm‚Äôs drug hitting markets ahead of schedule. $AAPL $NFLX $MSFT $SPX $FB $U‚Ä¶
2020-07-09 10:05:17,-1,230,$ROKU closing position +140% will re enter if pulls back
2020-07-09 10:05:37,1,254,"$ROKU My buy trigger was blue line

Bot ROKU 141 C at 2.8

Sold at 4.8 https://t.co/SUWFzBrA8C"
2020-07-09 10:05:49,1,46,$ROKU Up 100%\60% on multiple legs of calls. Our group is eating TODAY! $STUDY https://t.co/N1X92b7UQQ
2020-07-09 10:06:09,1,22724,"$ROKU

Picking up some steam toay morning as it takes out a  4 month base

Momentum traders keep it on your watch today

First Target 150 https://t.co/kfr07tgKy5"
2020-07-09 10:07:54,1,25852,$roku Jul-10-20 117 Calls now up +475% @ 27 from @ 4.70  Congrats bulls!! #breakoutüöÄüî•üôèüá∫üá∏
2020-07-09 10:08:34,1,316,"$ROKU went completely off my radar today. I knew tech was strong but i wasn't feeling it.
Somebody need to gime hints on how to spot these runs before. xD"
2020-07-09 10:08:44,1,97,PRAYING $ROKU set up properly here.
2020-07-09 10:10:37,1,138,$ROKU needs to breath out the profit takers now.  Easily going past $160  Leg up just starting.
2020-07-09 10:10:48,1,6697,"$ROKU QR1 + ADR at the 7-day expectation *to the penny* 

can't make it up https://t.co/1jlKrzSxlx"
2020-07-09 10:11:49,1,728,Long $ROKU from yesterday's best trade idea: https://t.co/ZrgQWLAQMD #OptionsTrading
2020-07-09 10:14:40,-1,2,@andrewross11 @andrewross2019 @andrewross2019 $roku short from $88 you are just ridiculous. Worst trader ever Run from this clown. I thought you were a pro?   You are definitely the worst I've ever seen!
2020-07-09 10:14:45,1,3525,"$ROKU Beautiful swing trade, locking in some this morning on the ramp up https://t.co/WwJQf8laDO"
2020-07-09 10:15:29,1,146,$ROKU getting paid today. What a beautiful move! https://t.co/15MvyNRqyt
2020-07-09 10:16:49,1,47,$ROKU July 13th -preannounce earnings - Only 3 weeks of Q1 were affected by Covid-19 (last 3 wks of March).  new subscriptions should increase - Streaming hours could also be much higher as a result of the same. Advertising... https://t.co/qLMh9OOhZo
2020-07-09 10:18:51,1,94,$roku picked up calls yesterday and sold today!! #UOA https://t.co/hhdZm7zK2A
2020-07-09 10:20:25,1,1701,$ROKU High of day. Contracts up almost 30%. Keep taking ur profits along the way.
2020-07-09 10:20:51,1,115,@seyedoption Get ready with list of stocks for bounce $roku is very strong today .. one more round ü§ûü§û
2020-07-09 10:23:04,1,715,$ROKU Happy days https://t.co/ji7mVWPRzf
2020-07-09 10:23:33,1,10304,$ROKU Roku call volume above normal and directionally bullish https://t.co/kKaJcT4uGQ
2020-07-09 10:24:51,1,503,$ROKU consolidated near the 133 resistance for a few days and gapped up today over big resistance. Big runner today up 11pts. 150 target is close! https://t.co/iQeSzJU8zD
2020-07-09 10:25:17,1,2889,"$ROKU - When a stock trades 50% of its avg. daily volume in the first 30 minutes, that's the kind of surge that should confirm a breakout. +8 points from Wagner Daily portfolio entry on the open. https://t.co/sHXGE1Pcyh"
2020-07-09 10:26:20,1,8394,$ROKU so strong this morning despite the intra morning blips in the $QQQ. Good price action.
2020-07-09 10:27:00,1,3274,$ROKU nice push on +350% volume so far today. Up +8.5% https://t.co/Z9CSSSFpgS
2020-07-09 10:27:23,1,11929,RT @moon_shine15: $ROKU back to back inside days at KEY spot on all timeframes - rotation up attempt today. Closes $136+ can trigger quite‚Ä¶
2020-07-09 10:27:29,-1,11929,RT @moon_shine15: We threw a few $ROKU buys into that panic as well @MoonshineTrades https://t.co/JMwU3dqk9W
2020-07-09 10:27:35,-1,204,$ROKU weekly. Broke major down trend line. This is the beginning of a much larger move. https://t.co/cyEdTWZmlQ
2020-07-09 10:29:17,1,134,RT @be4_the_herd: $ROKU long looking great https://t.co/XgLmVUvp7R
2020-07-09 10:30:37,1,2932,$ROKU Roku - earlier in the year the cup&amp;handle measured move played out. The subsequent channel consolidation pattern breakout projects up to $180; a new high. https://t.co/DPJKl2k6Ke
2020-07-09 10:32:05,1,18,"RT @TraderAmogh: Introduced a concept called #MomentumMovers in PositiveSwings private feed 2 weeks back

Here are few huge winners that we‚Ä¶"
2020-07-09 10:34:18,1,1543,"RT @MorpheusTrading: $ROKU - When a stock trades 50% of its avg. daily volume in the first 30 minutes, that's the kind of surge that should‚Ä¶"
2020-07-09 10:35:18,1,344,"RT @IQStockAlerts1: Q BioMed (QBIO) shares rise as markets react to bullish interview. 

$AAPL $NFLX $MSFT $SPX $FB $UBER $LYFT $COST $ADBE‚Ä¶"
2020-07-09 10:36:13,1,77,"RT @TraderAmogh: Introduced a concept called #MomentumMovers in PositiveSwings private feed 2 weeks back

Here are few huge winners that we‚Ä¶"
2020-07-09 10:38:21,1,988,"$PLUG $FUV $OPTI $LKNCY
All over-extended stocks I'm watching for panics this morning.

Today's already like christmas with my $ROKU trade.. but there are plenty of opportunities I can't sit out"
2020-07-09 10:43:18,1,37,"RT @TraderAmogh: $ROKU

Picking up some steam toay morning as it takes out a  4 month base

Momentum traders keep it on your watch today

F‚Ä¶"
2020-07-09 10:45:06,1,267,"One of my best performing stock in my portfolio is $ROKU. I added these shares the moment I realized there‚Äôs a roku device in every room in the house. 

Purchase shares on products that you really enjoy using"
2020-07-09 10:47:02,1,3179,"$ROKU left a lot behind on the 136 breakout, but still made good money. It was a hard hold yesterday for sure https://t.co/nnnSO8Plil"
2020-07-09 10:55:38,-1,63,$Roku breaks above key $140 level after consolidating since mid April. Massive revenue growth. Momentum recently turned positive. #bullish #stockstowatch https://t.co/ZtTNViGHbu
2020-07-09 10:57:06,-1,1872,"@narora2000 I think it‚Äôs a good idea.  I believe $ROKU will see ATH‚Äôs by year end (if not by month‚Äôs end).
All bets off if it loses major DTL, however, which currently sits around 127. 
I believe the company should have a valuation of 20-25 Billion on the modest side."
2020-07-09 10:59:24,-1,57,$ROKU looking like I‚Äôll be holding this for many weeks. Solid breakout. I used I was wrong about a bearish market !
2020-07-09 11:05:44,1,2076,"Sitting on theseüòç 
$ALT ( Out at 21)
$BGFV at 2.61 (+30%)
$DSS at 7.88 (+27%)
$NNVC At 7.94 (Even)
$TSLA at 1377 (+17 points)
$WBA at 38.35 (+1.30 points) 
Very minimal losses today on a $ROKU short. Everything else was picture perfect üòã All my plays called out @TheTraderMoes https://t.co/X920eILACC"
2020-07-09 11:10:48,1,536,Sold $roku this morning near highs. Looking to re buy longer dated calls today. Maybe August
2020-07-09 11:13:58,1,385,"https://t.co/Pj9Gu287hf
$FSLY, $ROKU   to Calls_Bullish_Stock_Option ($SL 20%).]  ="
2020-07-09 11:15:08,1,385,"https://t.co/Pj9Gu287hf
$IMMU, $ROKU   to Calls_Bullish_Stock ($SL 20 % ).]  ="
2020-07-09 11:19:02,1,31,$ROKU  pretty clean breakout today!Need to work on my entry overall great day
2020-07-09 11:22:01,1,1,@SoxGuru Ugly day today. But long $LVGO and $ROKU so seeing some green
2020-07-09 11:23:15,-1,366,$ROKU cut these flat https://t.co/l4dtWBz3Kf
2020-07-09 11:24:15,1,43,"$roku very strong during this sell off, next weeks calls look good"
2020-07-09 11:25:17,1,14,$ROKU swung this overnight in my smaller account for a 2R win https://t.co/occ7AnJrzm
2020-07-09 11:26:30,-1,470,$ROKU breaking out https://t.co/vd55RYthHE
2020-07-09 11:28:18,1,385,"https://t.co/Pj9Gu287hf
$AMD, $GSX, $MTCH, $ROKU   to Calls_Bullish_Stock_Option ($SL 20%).]  ="
2020-07-09 11:31:54,-1,64,".
$ROKU
Was definately wrong on this one this time, was expecting it to drop, market being down did help avoid more potential loss.  Shall see how it does towards end of day.  
."
2020-07-09 11:32:13,-1,64343,RT @DPogrebinsky: @OphirGottlieb @CMLviz When $roku fell to low 100 i went into cml and read the last 8 or so dossiers and went to their la‚Ä¶
2020-07-09 11:32:28,1,2580,"RT @breadboxalerts: Some highlights including fantastic wins on $BBBY and $SPY puts, and our members bringing home the bread! 

25% off you‚Ä¶"
2020-07-09 11:32:51,1,110,"RT @breadboxalerts: Some highlights including fantastic wins on $BBBY and $SPY puts, and our members bringing home the bread! 

25% off you‚Ä¶"
2020-07-09 11:33:10,1,138,"RT @breadboxalerts: Some highlights including fantastic wins on $BBBY and $SPY puts, and our members bringing home the bread! 

25% off you‚Ä¶"
2020-07-09 11:33:23,1,193,"RT @breadboxalerts: Some highlights including fantastic wins on $BBBY and $SPY puts, and our members bringing home the bread! 

25% off you‚Ä¶"
2020-07-09 11:33:38,1,2213,"RT @breadboxalerts: Some highlights including fantastic wins on $BBBY and $SPY puts, and our members bringing home the bread! 

25% off you‚Ä¶"
2020-07-09 11:38:54,-1,2691,"$ROKU still pretty strong. Back over 143, I sold my roll-up position for a small loss earlier. 
$SHOP broke over 1050 for a minute then quickly pulled back and is currently at 1030. Needs to hold 1050 to consider going long.
$GOOGL next breakout level is 1030."
2020-07-09 11:39:28,-1,867,$ROKU closed 134/138 spreads expiring tomorrow from 1.41 to 3.38
2020-07-09 11:40:41,1,714,"What a fantastic morning!  Calls from yesterday on $AMD, $CSCO, $NKLA, $AMZN, $ORCL paid so nice!   $ROKU was great morning call play and $MDMP &amp; $HRAL are two outstanding OTC movers!  

Join us at Magic Tickers: 
https://t.co/0RwyM2G2ek"
2020-07-09 11:43:14,-1,1059,$ROKU longer-term view feels like it could do something crazy towards 180-200 next week if the breakout sticks today. Nice save off the dip so far. https://t.co/jk5IuPaF07
2020-07-09 11:43:47,1,134,$ROKU one of the few green on a very red day. I feel like we get some very good news sometime this month. Bought more this morning. https://t.co/3At7vixhH9
2020-07-09 11:47:42,-1,4,RT @DPogrebinsky: @OphirGottlieb @CMLviz When $roku fell to low 100 i went into cml and read the last 8 or so dossiers and went to their la‚Ä¶
2020-07-09 11:48:08,1,141,$ROKU it wanna go up but market sells off. I am out 100%. Locked in 6K profit.. https://t.co/Dzp6Q4plTP
2020-07-09 11:48:46,1,1,RT @DayTradersGroup: $ROKU Jul-10-20 117 Calls now up +92% @ 9 from @ 4.70 https://t.co/suFD93lq3W
2020-07-09 11:49:19,1,4,"RT @japor3: STUDY CASE

The outside bar 3 up on 2m goes for the compound 3 on 6m and it triggers the 2-2 rev up on the 30s

Notice the inte‚Ä¶"
2020-07-09 11:50:07,-1,30,"$ROKU breaking the line of least resistance today, 7% on huge volumen in the first 2 hours of trading. Let's see how it close.

Long shares. https://t.co/0B9gfDyZSU"
2020-07-09 11:53:39,1,33332,"RT @japor3: STUDY CASE

The outside bar 3 up on 2m goes for the compound 3 on 6m and it triggers the 2-2 rev up on the 30s

Notice the inte‚Ä¶"
2020-07-09 11:53:52,-1,3454,"$ROKU defended $140 and bounced back to highs, bullish."
2020-07-09 11:54:06,1,4883,$ROKU weekly looking better now that daily approaching 52wk highs - relative strength noteworthy https://t.co/Pesn2ti90D
2020-07-09 11:54:13,1,430,"RT @breadboxalerts: Some highlights including fantastic wins on $BBBY and $SPY puts, and our members bringing home the bread! 

25% off you‚Ä¶"
2020-07-09 11:55:17,1,317,"RT @kreegs_23: What a fantastic morning!  Calls from yesterday on $AMD, $CSCO, $NKLA, $AMZN, $ORCL paid so nice!   $ROKU was great morning‚Ä¶"
2020-07-09 11:55:43,1,274,"RT @breadboxalerts: Some highlights including fantastic wins on $BBBY and $SPY puts, and our members bringing home the bread! 

25% off you‚Ä¶"
2020-07-09 11:56:45,1,4024,$roku tooooo strong today
2020-07-09 11:57:04,-1,413,$ROKU has broken its downtrend. Long upside calls for August.
2020-07-09 11:57:33,1,599,10% since weekly box break in $ROKU. Enjoy the ride. https://t.co/ILxfAQrh49
2020-07-09 11:57:40,1,239,$ROKU up 25% now https://t.co/DiogfnGTpu
2020-07-09 11:57:46,1,16297,"$ROKU great relative strength, next leg up to 149 coming"
2020-07-09 11:58:07,1,7886,$roku shall go for 149-150.  would kill me if it goes up 150 today.
2020-07-09 11:58:16,1,1345,"$ROKU assuming a strong close could be $170 first in a few days, then next target is $215."
2020-07-09 11:58:19,1,1345,"RT @PMack1224: $ROKU assuming a strong close could be $170 first in a few days, then next target is $215."
2020-07-09 11:58:26,-1,10217,And sure enough new highs for $roku after breaking resistance.
2020-07-09 11:59:48,1,1217,$ROKU Does it again. Congrats bulls! That‚Äôs one beautiful chart.
2020-07-09 12:00:27,-1,440,$ROKU thank you bulls for squeezing that short $SPY https://t.co/ANn4dedr8Y
2020-07-09 12:01:35,1,7060,"RT @BSchulz33868165: Category Overview (as of 11:48amEST):
China: +0.77%; 19 of 31 Up (&gt;=4%: $DADA $OCFT $NTES $NIO $SY $HMI)
Leisure: +0.1‚Ä¶"
2020-07-09 12:02:31,1,7886,$roku vol already ~14 million.  that's one good factor.
2020-07-09 12:03:08,-1,73,"$ROKU has given second breakout today ... Target 166 

Our members are in this since 120.5 ( stop loss was 111) see below...We added to our existing position again today....stop loss for us is now 132 for position added today... https://t.co/JaaU3tuMqe"
2020-07-09 12:05:27,1,1621,$ROKU strength today ... give us 150 https://t.co/1p3vwXedjV
2020-07-09 12:06:00,1,2552,@duckman1717 @MartyChargin $ROKU up 9% today!  üöÄüî•
2020-07-09 12:06:06,1,15195,"$ROKU 

Wkly now has Higher PT $211  since I posted earlier 

LOOKING great 
Up while mrkt in red !! https://t.co/MQpdRsmGCj"
2020-07-09 12:08:54,1,2552,"RT @MadMraket: $ROKU 

Wkly now has Higher PT $211  since I posted earlier 

LOOKING great 
Up while mrkt in red !! https://t.co/MQpdRsmGCj"
2020-07-09 12:09:19,1,895,My #tradeoftheday $ROKU holding strong even with the market selloff! The advantage of trading an individual ticker with relative strenght.
2020-07-09 12:11:17,1,2691,"$ROKU hit the 147 resistance level, congrats to those who held.
$GOOGL held the 1500 backtest. needs over 1530 for a bigger move
$MSFT looking better, I would like to see it hold over 215.
$SHOP back over 1040, above 1050 it can test ATH
$DIS needs over 118 to consider going long"
2020-07-09 12:12:36,1,13392,"NQ back over mid ~10653 of today's range; 

ES back over yday's battle lows area 3125-3126; a pull back to here needs to hold for push up.

$ROKU if it manages to test and push thru 151.2 would be a squeeze fest but it usually likes to mess people up in a $6-8 range first"
2020-07-09 12:13:48,1,218,$ROKU strong like bull üêÇüöÄüòÖ https://t.co/4U5pgahV2N
2020-07-09 12:14:44,-1,128,"$ROKU

ROKU breaking out above that 138 today!! https://t.co/Gn5TmrvHjS"
2020-07-09 12:18:06,-1,7886,$roku sold 144c for 40% gain.  need to protect gain.  choppy choppy.
2020-07-09 12:18:35,1,23,$ROKU Added a take profit stop. I have never understood the popularity of Roku when you can go and buy an all in one smart TV. But trading Roku can be easy if you have patience and wait for a good entry. https://t.co/oeuQWKRMYe
2020-07-09 12:19:21,1,120,"RT @japor3: STUDY CASE

The outside bar 3 up on 2m goes for the compound 3 on 6m and it triggers the 2-2 rev up on the 30s

Notice the inte‚Ä¶"
2020-07-09 12:20:23,1,1581,RT @TheGemClub: If market is green tomorrow I will just all in $ROKU calls stocks only go up
2020-07-09 12:21:10,1,12,RT @winstapro: Trade with charts that will improvise your skills. Go with the simple set up - wait for your entry and exit with strict SL.‚Ä¶
2020-07-09 12:22:00,1,4883,$UPWK $ZS $ROKU RVOL above average - over 2 and im interested - #in_play   showing relative strength here - so many more https://t.co/VV8DG4ZTqd
2020-07-09 12:22:14,1,247,"RT @RichLightShed: good piece by @sherman4949 on @peacockTV vs. @roku and @amazonfiretv 

the real question, like @hbomax, is if the conten‚Ä¶"
2020-07-09 12:24:07,1,11078,"RT @RichLightShed: good piece by @sherman4949 on @peacockTV vs. @roku and @amazonfiretv 

the real question, like @hbomax, is if the conten‚Ä¶"
2020-07-09 12:28:43,1,8799,"$ROKU strong if it stays over 140, didn't budge off that $SPX fade. 

Resistance at 150, 153, 160 (gap fill)"
2020-07-09 12:31:20,1,56,$ROKU small bull pennant on the 30 min. Does it continue up this afternoon? https://t.co/qlCnNPGTxL
2020-07-09 12:32:45,1,735,"Roll up the rim to win!
$ROKU 160C already hit 5.50 from 2.66 (2X or 100% so far) üëäü§ë

Email: optionsmaster@hotmail.com to subscribe.

$AAPL $AMZN $BA $CMG $FB $BYND $GOOGL $NFLX $NVDA $SPX $TSLA $SHOP $SPOT $LRCX $PTON $LVGO $DIS $ZM $DKNG https://t.co/6H5t8Pzsn9"
2020-07-09 12:33:14,1,344,"RT @freetrades4u: Roll up the rim to win!
$ROKU 160C already hit 5.50 from 2.66 (2X or 100% so far) üëäü§ë

Email: optionsmaster@hotmail.com to‚Ä¶"
2020-07-09 12:33:46,1,25,@freetrades4u $ROKU serving up the facial!  Count it!
2020-07-09 12:35:12,1,47,"$ROKU Macquarie analyst Tim Nollen thinks Roku (NASDAQ:ROKU) will maintain revenue growth of about 35% for the next three years. 
Nollen cites Roku's international expansion and ad buying tech benefits. 
Roku shares hit a n... https://t.co/yuvYLdwrbC"
2020-07-09 12:43:05,1,562,"$ROKU different chart showing the breakout of channel. + signals 

remember the signals are for entry points and its up to the trader to discern exits, not wait for a counter signal to exit. https://t.co/N0xEpX0xX2"
2020-07-09 12:45:28,1,1080,$CMCSA unit NBCUniversal's sub video service Peacock is unlikely to reach an agreement w/ $AMZN or $ROKU before it launches nationally on July 15. NBCU has est'd Peacock will have up to 35M users by 2024 &amp; generate $6-$7 ARPU/m... https://t.co/WZD3XTBF2T
2020-07-09 12:46:38,1,24,"$OXY $CHK $GILD $VAL $OAS $DGLY $NE $SPCB $WLL $MRO $XOG $AAL $BA $GME $MSFT $PACD $APA $CHAP $DNR $XOM $CDEV $INPX $ENOB $GUSH $RCL $TELL $ENSV  $AXAS $FET  $NRGU $CPE $PFR $CCL $SRPT $ROKU

Still have 2 runners for free. Biggest % gain for me.
üëá Thanks
https://t.co/KI13QY75jp https://t.co/CA9TH4sNSl"
2020-07-09 12:55:08,1,8,@data168 I'm so happy i could cry $ROKU  been holding a bunch of SEP 150s and its a beautiful sight!
2020-07-09 13:00:04,1,6320,"RT @hyumialert: https://t.co/Pj9Gu287hf
$IMMU, $ROKU   to Calls_Bullish_Stock ($SL 20 % ).]  ="
2020-07-09 13:00:41,1,4452,@MichaelAguon2 @TrendSpider @Trendspider_J Absolutely destroyed $ROKU today. One of my best days in the last two months.
2020-07-09 13:01:04,-1,4024,"$roku slowly moving up
147.16
148.52
150.26"
2020-07-09 13:01:27,-1,336,$ROKU is a short candidate right here
2020-07-09 13:11:19,1,505,"Today Option Recap:
Members profited w swing plays $cost (144%) $msft $aapl $amd 
quick gains: $googl $spot $shop call, $tsla put, $nvda bounce play. 
$roku nice win as well. 
we handled the market nicely! give us a try and join!
#FARMERTRADE. see bio for info! many thanks! https://t.co/xq0DPFUy5L"
2020-07-09 13:14:07,-1,5226,"$ROKU cracked 135, testing the downtrend from last fall.  So close to ‚úåüèª https://t.co/wKa2ogB3Oj"
2020-07-09 13:15:29,1,105,$ROKU should help my calls past 200% gains üò£
2020-07-09 13:18:01,1,43,"RT @kghufran: Buy and Hold!

Future of health: $lvgo, $isrg, $nvta, $crsp
E-commerce: $se, $wix, $meli
Cybersecurity: $crwd,
5g: $insg
Digi‚Ä¶"
2020-07-09 13:20:39,1,226,@HulkCapitalPro Any further play on $ROKU ? Already 10% up today
2020-07-09 13:22:48,1,56,"RT @rachels_44: $ROKU strong if it stays over 140, didn't budge off that $SPX fade. 

Resistance at 150, 153, 160 (gap fill)"
2020-07-09 13:25:14,1,15195,"$ROKU  Just beautiful !

To ATH with patience !!!!!!"
2020-07-09 13:27:17,1,266,"RT @MadMraket: $ROKU  Just beautiful !

To ATH with patience !!!!!!"
2020-07-09 13:27:43,-1,18683,$roku will not have another down tick for rest of year #study https://t.co/5cLd0nMp04
2020-07-09 13:28:36,-1,1290,"$ROKU out 1/2 the second roll 

July 160s 2.5 to 3.9 

I expect some stall here around 148/150 level https://t.co/OqbUAJxdSv"
2020-07-09 13:29:42,-1,1290,"$ROKU short term 161.8% extension reached here üëá

#knowyourlevels https://t.co/WRznvemk8w"
2020-07-09 13:30:55,1,5,@BearishBullsCEO Thanks for turning me into $ROKU Up 10%that shit is üî•
2020-07-09 13:32:20,-1,3724,$ROKU breaking out of this sloped intermediate pivot! #stocks https://t.co/yPweMuTELU
2020-07-09 13:37:56,1,27162,$ROKU posted here yesterday to have on watch-list for 136 breakout.  Fantastic action.  Want a close over 142 for swing https://t.co/0Ngga56kOQ
2020-07-09 13:38:11,1,4024,$roku with this speed it will hit 163.41 max by early next week
2020-07-09 13:40:15,1,4,RT @realJuicytrades: Teaching clients how to trade options and change there lives has truly been one on the best parts of my life. Change y‚Ä¶
2020-07-09 13:40:22,1,3212,$ROKU should hit $152 area
2020-07-09 13:45:05,1,67,$ROKU Pump is here again for a company that has been around so long - high multiples - no profit :) Go on buy buy so they can pull the rug beneath u - If u r buying here better be fast and day trading
2020-07-09 13:51:23,1,1,RT @DayTradersGroup: $ROKU Jul-10-20 117 Calls now up +92% @ 9 from @ 4.70 https://t.co/suFD93lq3W
2020-07-09 13:56:43,1,4024,"My daily wish is $roku closes above 151 then may gap up to 163 tomorrow. Too big wish haha, but u never know. $baba did it"
2020-07-09 13:57:15,1,15762,"RT @RichLightShed: good piece by @sherman4949 on @peacockTV vs. @roku and @amazonfiretv 

the real question, like @hbomax, is if the conten‚Ä¶"
2020-07-09 14:02:11,-1,16297,"$ROKU Slow and steady here, 151.2 next level after res breaks"
2020-07-09 14:03:53,-1,97,Quite a tough day on $ROKU coulda shoulda woulda been a 5R+ day. Instead took stupid -1R loss chasing after missing an order that would‚Äôve easily given me x4 biggest day ever in minutes. Managed to scrape back to -0.5R on tiny size after accepting I missed the A+ from morning.
2020-07-09 14:04:19,1,227,"RT @MadMraket: $ROKU 

Wkly now has Higher PT $211  since I posted earlier 

LOOKING great 
Up while mrkt in red !! https://t.co/MQpdRsmGCj"
2020-07-09 14:06:12,1,4648,"$ROKU is #BEASTMODE We BOT this 3 days ago waiting for this move, Made money on it and let the runners sit... Beautiful daily chart finally moving! +250% if you are riding the 140c still...
Currently in the 150c roll.
Right Place, Right time, BIG WIn!  üé≤ https://t.co/RDjgxNrjl5"
2020-07-09 14:08:15,-1,46,$ROKU  lol if you had bought the dip today .. you could have made close to 10 points ... fomo momo at its best!
2020-07-09 14:11:41,1,715,$ROKU 143-146 target hit within 10 days of this post https://t.co/ur6YlSzjAK
2020-07-09 14:14:46,1,2011,@SunDevilAZ99 Shorties üòÇüòÇ $ROKU waay up üöÄüöÄüöÄüôèüôè
2020-07-09 14:19:13,1,70399,"$CMG $SNAP $SPOT $ROKU just to name a few, top set-ups w/ hot bull flows just one of the best weeks I can ever remember"
2020-07-09 14:22:31,1,2691,"$ROKU next big resistance is at 151. If it's able to break through 151 and hold it can fill the gap near 159. 
$GOOGL needs over 1530 to make a move higher.
$SHOP needs over 1050 to get a ATH test near 1060."
2020-07-09 14:22:47,-1,15195,"$ROKU 

In case U missed !!

BEAUTIFUL chart ! https://t.co/66TUiLpGmC"
2020-07-09 14:24:28,1,9020,"@TicTocTick https://t.co/u2g2GnPHgU

Tic motivated me to give free alerts. BOOM $ROKU congrats UP 11% HERE"
2020-07-09 14:29:30,1,2773,"I'm a nerd, I'm a geek, I'm a man who stares at charts...https://t.co/ObOeunuWq8 &amp; the $ROKU chart titillated me before buying it. Side note, NFTRH price increase end of summer. It'll still be under valued by what I see out there. FYI, if thinking about it do it sooner not later. https://t.co/03hwpDyD7P"
2020-07-09 14:38:06,-1,3581,$ROKU don't bet against #america bet against #china https://t.co/7OD1uIU8Ve
2020-07-09 14:44:33,-1,318,"Won't be $NFLX. $ROKU originally started inside of Netflix, but was spun out to avoid conflicts of interest. 

Would be more likely to be acquired by someone in the advertising space like $FB, $GOOG, or $AMZN

https://t.co/Bh81oJNCT6"
2020-07-09 14:48:01,-1,45,"Textbook play on $ROKU -- slight break of the downward trend channel small pullback, couple days of forming a flag and then breakout -- here are the levels https://t.co/HHUOK8OIjR"
2020-07-09 14:51:15,1,70012,$ROKU update July 17 139 up 101% on partial https://t.co/JbR51tzHiK
2020-07-09 14:52:23,1,506,"@WallStreetYoda I‚Äôve been holding $ROKU since Nov 2018. 

Is it time to take my gains here or is this a valuable long term hold?"
2020-07-09 14:56:09,1,64,@data168 @greg97096648 Competition makes $roku even stronger
2020-07-09 15:01:45,-1,20,"$ROKU 
wanted to trim holding by 20% in case,
but doesn‚Äôt show any cool down yet"
2020-07-09 15:02:06,1,332,$ROKU up almost 12% now
2020-07-09 15:02:39,-1,705,"$BA ya pos move, $ROKU paying for the loss there"
2020-07-09 15:05:05,1,118,"$SPY STOPPED INDER THE $200MA

$ROKU STRONG TODAY MONSTER MOVE"
2020-07-09 15:08:45,1,228,"RT @kghufran: Buy and Hold!

Future of health: $lvgo, $isrg, $nvta, $crsp
E-commerce: $se, $wix, $meli
Cybersecurity: $crwd,
5g: $insg
Digi‚Ä¶"
2020-07-09 15:11:31,1,9020,"$ROKU up 11% Today

Haters hate to see it.

Gave you the heads up FREE https://t.co/DQbo5F9zKG"
2020-07-09 15:16:33,1,45317,rolled short $ROKU July 10  Exp 145 calls up and out to July 24 Exp 160 calls (against long Aug 125 calls)
2020-07-09 15:17:56,1,64,$LVGO &amp; $ROKU both winners today üëÄüëÄüëäüèøüëäüèø
2020-07-09 15:20:37,-1,3228,"$ROKU: I did miss this swing last week.

Broke above the downward channel. https://t.co/DpvdVTjeNL"
2020-07-09 15:20:51,1,28,"RT @TraderAmogh: $ROKU

Picking up some steam toay morning as it takes out a  4 month base

Momentum traders keep it on your watch today

F‚Ä¶"
2020-07-09 15:22:13,-1,6320,"RT @CyrusABC: $ROKU 
wanted to trim holding by 20% in case,
but doesn‚Äôt show any cool down yet"
2020-07-09 15:22:34,1,6320,RT @tradethemomo: $ROKU up almost 12% now
2020-07-09 15:29:05,1,9844,"$ROKU! What i say guys!! Perfect pattern continues its breakout here!! 
Your welcome for the Free alert!! 

Get to play the action over our live stream! 
https://t.co/IPrJt0ClZF https://t.co/Zaq5xq7VlW"
2020-07-09 15:30:44,-1,2,"@andrewross11 Hey numb nuts how's that large downdraft going???  You are the worst trader on twatter! 4 months of HUGE losses! You trade like a mental patient @andrewross2019
 #assclowntrader  $spy $msft $lulu $zm $nflx $fb $pton $penn $okta $panw $roku   imagine being short all these names"
2020-07-09 15:39:40,1,5,$ROKU Huge breakout on great volume https://t.co/goMAPBRHLI
2020-07-09 15:40:59,-1,1703,"$ROKU It took a lotttt of Patience, but $ROKU FINALLY breaking the massive DTL... If my count is right, this should be the beginning of a MUCH  larger move! https://t.co/P8l7PEaRC2"
2020-07-09 15:41:28,1,448,"And with today's $ROKU run I've surpassed it. If I had a boat I'd name it after you, my man."
2020-07-09 15:42:18,1,84,"RT @TraderAmogh: $ROKU

Picking up some steam toay morning as it takes out a  4 month base

Momentum traders keep it on your watch today

F‚Ä¶"
2020-07-09 15:42:23,1,24,"$OXY $CHK $GILD $VAL $OAS $DGLY $NE $SPCB $WLL $MRO $XOG $AAL $BA $GME $MSFT $PACD $APA $CHAP $DNR $XOM $CDEV $INPX $ENOB $GUSH $RCL $TELL $ENSV  $AXAS $FET  $NRGU $CPE $PFR $CCL $SRPT $ROKU

Still have 2 runners for free. Biggest % gain for me.
üëá Thanks
https://t.co/KI13QY75jp https://t.co/tbJBGRGiXJ"
2020-07-09 15:43:19,-1,1378,"@RhinoVesting Yeah, time will tell. 
Either I'm wrong, or just early. Not the only $ROKU bear in town but my view goes further than just valuation. I think the business model is flawed and I also think they've already entered the danger zone where they are trying to hide it"
2020-07-09 15:45:40,1,46,"$ROKU BEAUTIFUL play... tendies on top of tendies along with $AMD ! Group killed it today. We got a member finally hitting 10k after losing 4K on his own. He is beyond happy ! Let‚Äôs all make money, good luck all! $STUDY possible pullback to 144, then on way to 160 and higher https://t.co/V3YIP4uAgc"
2020-07-09 15:50:53,1,221,"#AXECAPUPDATE 

Same pattern as yesterday.  Morning green then solid red, then closed solid green. 

Big winners today were $AMD $CHWY.  I screwed up the $ROKU trade.  Can't win them all. 

Closed:
$AMD took some profits off.  

Managing:

$ORCL $CHWY $PLAN $DIS $PINS $OGIG"
2020-07-09 15:51:20,1,735,"End of day update on the rok(u)ing chair
$ROKU 130C already hit 20.02 from 2.57 (&gt;7.5X or 650% so far) üî•üî•üî•

Email: optionsmaster@hotmail.com to subscribe.

$AAPL $AMZN $BA $CMG $FB $BYND $GOOGL $NFLX $NVDA $SPX $TSLA $SHOP $SPOT $LRCX $PTON $LVGO $DIS $ZM $DKNG https://t.co/wbuqkwORFj"
2020-07-09 15:51:22,1,508,"$ROKU When it moves it moves, great momo stock"
2020-07-09 15:52:20,1,4024,$roku running up into close. Good sugn for gap up
2020-07-09 15:53:42,1,4452,$ROKU Bullish close 4 sho https://t.co/xwJSlFRRTZ
2020-07-09 15:54:10,1,1157,"-$1,700 in the stock market today. $Roku killed me üò°"
2020-07-09 15:54:38,1,314,RT @ThePupOfWallSt: $ROKU Bullish close 4 sho https://t.co/xwJSlFRRTZ
2020-07-09 15:55:56,1,262,$ROKU target 1 @ 149 hit today. 162.5 next stop (gap to fill @ 159.3) https://t.co/Cr7WQRuGWE #ROKU
2020-07-09 15:57:41,-1,413,Maybe it's time for $GOOGL to buy $ROKU and get serious about the TV ad platform?
2020-07-09 15:57:52,1,1157,"Crazy bc I was +$400 in profits from $roku but didn‚Äôt take it. Wound up -$1,700...that‚Äôs a $2,100 turnover smh. Greed doesn‚Äôt get you anywhere"
2020-07-09 16:06:24,1,3250,RT @ThePupOfWallSt: $ROKU Bullish close 4 sho https://t.co/xwJSlFRRTZ
2020-07-09 16:07:21,1,7886,"As a $ROKU investor, it is the best day ever.  We are not too far from ATH.  It'll be there."
2020-07-09 16:11:42,1,4,@data168 Same I have a ton of $ROKU shares in long term account.  I had a ton of this weeks options that I sold way early today. But i do Have the 155 160 170 for next week.  Great calls on $GSX my friend.
2020-07-09 16:15:31,1,188,"RT @data168: As a $ROKU investor, it is the best day ever.  We are not too far from ATH.  It'll be there."
2020-07-09 16:15:58,-1,218,"RT @TKPTrader: $ROKU It took a lotttt of Patience, but $ROKU FINALLY breaking the massive DTL... If my count is right, this should be the b‚Ä¶"
2020-07-09 16:17:16,1,720,"$ROKU rises to highest close since December 4, 2019: https://t.co/556kqYrotV
Sentiment: Very bullish #ROKU #Roku"
2020-07-09 16:18:27,1,72,"RT @kghufran: Buy and Hold!

Future of health: $lvgo, $isrg, $nvta, $crsp
E-commerce: $se, $wix, $meli
Cybersecurity: $crwd,
5g: $insg
Digi‚Ä¶"
2020-07-09 16:19:20,1,14,"RT @data168: As a $ROKU investor, it is the best day ever.  We are not too far from ATH.  It'll be there."
2020-07-09 16:19:38,-1,344,"RT @tpetruno: Stocks suffered another broad decline amid nagging investor fears about the virus and the economy‚Äôs recovery.

Dow ends -361,‚Ä¶"
2020-07-09 16:20:46,1,3820,@TradesMav @Tysto2 @TraderAmogh $ROKU was indeed the star today. I think everyone traded it as the setup was too good to pass https://t.co/OmNRhDsJJs
2020-07-09 16:29:21,1,301,"Matthew V. from Bear Bull Traders had the ""Member Trade of the Day"" for Thursday's Closing Bell Show. He took a long on $ROKU when it broke of the high of the day. Excellent Trade
@BearBullTraders @NormBBT #BBTfamily https://t.co/CPcSqgpLbn"
2020-07-09 16:29:48,-1,1437,"RT @MikeB_BBT: Matthew V. from Bear Bull Traders had the ""Member Trade of the Day"" for Thursday's Closing Bell Show. He took a long on $ROK‚Ä¶"
2020-07-09 16:29:50,1,3836,"$ROKU stock trading volume up by +273.68% | 23,538,348 vs 6,299,100 
 https://t.co/sc0zV4Hqmk"
2020-07-09 16:30:06,1,8595,"That was no #RERUN üì∫ 

Beautiful breakout on $ROKU 
Will almost never buy solely a chart - but this was a pure chart buy https://t.co/OEvTCaQioK"
2020-07-09 16:30:17,1,217,$ROKU wouldnt be surprised by wildly bullish press release tomorrow morning https://t.co/5Z0cAFTl8U
2020-07-09 16:30:43,1,639,"Green day. Only 2 trades today, both on $ROKU. Enjoyed moderating an hour of the @BearBullTraders chat room today. Such an amazing community of traders. Really feels like family. #stocks #StocksToTrade #markets #stockmarkets #trading #DayTrading #BBTFamily https://t.co/acyL5BnrHl"
2020-07-09 16:31:00,1,71,"@OphirGottlieb $ROKU Perspective! A good read, thank you."
2020-07-09 16:31:53,1,64343,"RT @imTRADIN9: @OphirGottlieb $ROKU Perspective! A good read, thank you."
2020-07-09 16:32:07,1,120,"$ROKU climbs towards ATH as Macquarie suggest user base could triple by 2022.

There is no better person than Anthony Wood for streaming. $ROKU has a very long way to go, this is the start. They will find it much easier to expand internationally than any other service."
2020-07-09 16:35:40,-1,863,"$ROKU

Break away gap out of a 3 months base. I traded this twice. 1st trade was a day trade and 2nd trade was an intra swing.

1st trade was a breakout with a stop on that pivot low.

Long: 140.07
Stop: 137.09

Sold 1/4 at 144.12 +1.34 R and got stopped the rest at BE. https://t.co/e0V662XwGc"
2020-07-09 16:42:54,1,863,"$ROKU

2nd trade got long on a flag breakout with a stop on the 1st higher pivot low.

Long: 142.93
Stop: 141.40

Sold 1/4 at 144.44 +1R
Sold 1/4 at 146.44 +2.29 R
Sold 1/4 at 147.52 +3R

Swing the rest of my 1/4 position with a stop at BE. https://t.co/lGMsqy6UFG"
2020-07-09 16:45:59,1,56,"RT @kghufran: Buy and Hold!

Future of health: $lvgo, $isrg, $nvta, $crsp
E-commerce: $se, $wix, $meli
Cybersecurity: $crwd,
5g: $insg
Digi‚Ä¶"
2020-07-09 16:47:25,1,430,"RT @breadboxalerts: Amazing win on $AMZN today on multiple layers!

25% off your 1st month!

https://t.co/6ApU6Begvi

$AAPL $AMD $BA $BYND‚Ä¶"
2020-07-09 16:47:42,1,60,"RT @breadboxalerts: Amazing win on $AMZN today on multiple layers!

25% off your 1st month!

https://t.co/6ApU6Begvi

$AAPL $AMD $BA $BYND‚Ä¶"
2020-07-09 16:47:46,1,60,"RT @breadboxalerts: Some highlights including fantastic wins on $BBBY and $SPY puts, and our members bringing home the bread! 

25% off you‚Ä¶"
2020-07-09 16:48:08,1,48,"RT @kghufran: Buy and Hold!

Future of health: $lvgo, $isrg, $nvta, $crsp
E-commerce: $se, $wix, $meli
Cybersecurity: $crwd,
5g: $insg
Digi‚Ä¶"
2020-07-09 16:49:18,1,6167,RT @ThePupOfWallSt: $ROKU Bullish close 4 sho https://t.co/xwJSlFRRTZ
2020-07-09 16:49:38,1,1,RT @DayTradersGroup: $ROKU Jul-10-20 117 Calls now up +92% @ 9 from @ 4.70 https://t.co/suFD93lq3W
2020-07-09 16:51:04,1,89,"$ROKU #EasyMoney
Makes me happy seeing these gains.

#ILMtraders #dtilmtradersROKU https://t.co/gVAfZ3jyss"
2020-07-09 16:51:28,-1,2014,"RT @MikeB_BBT: Matthew V. from Bear Bull Traders had the ""Member Trade of the Day"" for Thursday's Closing Bell Show. He took a long on $ROK‚Ä¶"
2020-07-09 17:03:22,-1,104,"Starting with $ROKU

Roku had an insane day and closed right above the key 149 resistance level. We can see continuation of this climb tomorrow and the next level we can see on the upside is 156.84 https://t.co/qyatM9BHso"
2020-07-09 17:07:48,1,84,"RT @breadboxalerts: Amazing win on $AMZN today on multiple layers!

25% off your 1st month!

https://t.co/6ApU6Begvi

$AAPL $AMD $BA $BYND‚Ä¶"
2020-07-09 17:10:33,1,570,"RT @THESTOCKER: $ROKU Buy Rating $150 Target üéØ

As a beneficiary of the stay at home theme it should retest it‚Äôs all time high post earning‚Ä¶"
2020-07-09 17:11:28,-1,1,$ROKU missed this...I‚Äôll get in @ 145.
2020-07-09 17:11:36,-1,1005,"July 09 Thursday, $ROKU closed $149.69

Bearish target $148.59
Bearish target $146.00
Bearish target $145.00
Bearish target $144.00
Bearish target $143.00
Bearish target $142.00
Bearish target $140.00
Bearish target $136.50 üòù"
2020-07-09 17:14:08,1,61,Like I said $Roku is the hottest RETAIL streaming box on the market today because the average consumer does not know shit about streaming. Streaming is new to them but 10 plus yrs old to some of us. Companies are playing catch up. Buy &amp; hold this biotch.... period https://t.co/ZaFRx8hxE9
2020-07-09 17:15:08,-1,47,"$ROKU $ROKU SMART stocks--- 
""S"". $SQ  
""M"" $MTCH- MATCH GROUP 
""A""   $AYX   Alteryx  
 ""R"" $ROKU 
""T""  (TTD) 
Roku was spun out of Netflix when CEO Reed Hastings decided to abandon the box that was supposed to ship as a Ne... https://t.co/jTj5XzkPWP"
2020-07-09 17:17:23,1,227,"RT @kghufran: Buy and Hold!

Future of health: $lvgo, $isrg, $nvta, $crsp
E-commerce: $se, $wix, $meli
Cybersecurity: $crwd,
5g: $insg
Digi‚Ä¶"
2020-07-09 17:23:50,1,608,"With so many stocks over extended now where can you go? The collapse of cable is inevitable, streaming is still in infancy with regards to monetization. Will $ROKU's vision and execution enable the global domination? Great technology and sales momentum. Safe entry around $130. https://t.co/Zj87pZAtXS"
2020-07-09 17:30:38,-1,562,"$ROKU closed very strong! 

nice clear break of channel above 140$ https://t.co/SoT8W3n6Zc https://t.co/RrmhEh1ZPg"
2020-07-09 17:32:00,1,6320,RT @NDX100: We don't win every day but we definitely win consistantly. Swing trading is on Fire. Check out these alerts to the members adn‚Ä¶
2020-07-09 17:33:39,-1,449,"Nailed $ROKU but was late on $AMD even tho I had $SMH as a standout yesterday. What I'm realizing is that the discovery process of charting is only 1/2 the battle. After that one must make plans &amp; commit. Calling it out now: $XLC for tomorrow: $GOOGL, $DIS, $NFLX, $FB."
2020-07-09 17:41:13,1,171,"RT @ClayTrader25: Great day of trading for this community member, even with $BA not playing nice üëç This truly goes to show the importance o‚Ä¶"
2020-07-09 17:46:20,1,8129,"$ROKU what a fuxx you all candle, the longest daily green candle ever. Kinda looking at Feb longest daily red candle 
ATH next week? ü§£ü§£ü§£ https://t.co/y6NZjhlZyi"
2020-07-09 17:52:08,1,44,@PeterTrader99 Knew you‚Äôd like that $Roku performance! Despite swearing off the stock I couldn‚Äôt resist a few scalps today üôÉ
2020-07-09 17:54:53,1,977,"#Roku up 11.9% = $1.9 billion gain. $ROKU has made notable gains in 11 of the last 42 trading sessions.

https://t.co/vzqeTL4ItD

#consumer #electronics #stockTips #stockMarket #trading #investing #finance https://t.co/SoDjRWkoqY"
2020-07-09 17:54:53,1,599,"RT @42Stocks: #Roku up 11.9% = $1.9 billion gain. $ROKU has made notable gains in 11 of the last 42 trading sessions.

https://t.co/vzqeTL4‚Ä¶"
2020-07-09 17:59:25,1,6320,"RT @Jeffrey_Anthony: $ROKU

2nd trade got long on a flag breakout with a stop on the 1st higher pivot low.

Long: 142.93
Stop: 141.40

Sold‚Ä¶"
2020-07-09 17:59:43,-1,102,"RT @MadMraket: $ROKU 

In case U missed !!

BEAUTIFUL chart !"
2020-07-09 17:59:56,1,6320,RT @DayTradersGroup: $ROKU Jul-10-20 117 Calls now up +92% @ 9 from @ 4.70 https://t.co/suFD93lq3W
2020-07-09 18:00:06,1,6320,"RT @ilmtraders: $ROKU #EasyMoney
Makes me happy seeing these gains.

#ILMtraders #dtilmtradersROKU https://t.co/gVAfZ3jyss"
2020-07-09 18:00:16,-1,6320,"RT @MikeB_BBT: Matthew V. from Bear Bull Traders had the ""Member Trade of the Day"" for Thursday's Closing Bell Show. He took a long on $ROK‚Ä¶"
2020-07-09 18:00:37,-1,6320,"RT @RaymondTrades: Starting with $ROKU

Roku had an insane day and closed right above the key 149 resistance level. We can see continuation‚Ä¶"
2020-07-09 18:01:08,1,6320,"RT @THESTOCKER: $ROKU Buy Rating $150 Target üéØ

As a beneficiary of the stay at home theme it should retest it‚Äôs all time high post earning‚Ä¶"
2020-07-09 18:01:18,-1,6320,RT @Dee_Realest_1: $ROKU missed this...I‚Äôll get in @ 145.
2020-07-09 18:01:39,-1,6320,"RT @ericdavis221: July 09 Thursday, $ROKU closed $149.69

Bearish target $148.59
Bearish target $146.00
Bearish target $145.00
Bearish targ‚Ä¶"
2020-07-09 18:02:20,1,6320,RT @TKPTrader: If you're not familiar with Hekin Ashi Charts they are great at filtering out noise. No lower shadow means a strong up trend‚Ä¶
2020-07-09 18:02:41,-1,6320,"RT @jimkingnz: With so many stocks over extended now where can you go? The collapse of cable is inevitable, streaming is still in infancy w‚Ä¶"
2020-07-09 18:02:59,1,131,Another great trade today in the room on $ROKU. Added this call last week for the run-up to ER and still holding! Traded weekly 150s around it today for a very nice profit. Many of us were ready for this move because of the buy signal this week. Did you get it? ü§î #optionstrade https://t.co/G9TmbdARsh
2020-07-09 18:03:02,-1,6320,"RT @DogtheTrader: $ROKU closed very strong! 

nice clear break of channel above 140$ https://t.co/SoT8W3n6Zc https://t.co/RrmhEh1ZPg"
2020-07-09 18:06:16,1,6320,RT @traderbah1: @PeterTrader99 Knew you‚Äôd like that $Roku performance! Despite swearing off the stock I couldn‚Äôt resist a few scalps today üôÉ
2020-07-09 18:09:58,-1,64343,"$ROKU

This is resistance on the 3SD Bollinger.

But... Not done if it breaks out here. 

Lots (lots) of room to run.

Very (very) long.

--&gt; https://t.co/MRf4PY4JO7 https://t.co/nXcO4XVUwA"
2020-07-09 18:10:10,1,6320,"RT @ClayTrader25: Great day of trading for this community member, even with $BA not playing nice üëç This truly goes to show the importance o‚Ä¶"
2020-07-09 18:10:26,-1,102,"RT @OphirGottlieb: $ROKU

This is resistance on the 3SD Bollinger.

But... Not done if it breaks out here. 

Lots (lots) of room to run.

V‚Ä¶"
2020-07-09 18:10:27,1,208,RT @DayTradersGroup: $ROKU Jul-10-20 117 Calls now up +92% @ 9 from @ 4.70 https://t.co/suFD93lq3W
2020-07-09 18:11:09,-1,16,"RT @OphirGottlieb: $ROKU

This is resistance on the 3SD Bollinger.

But... Not done if it breaks out here. 

Lots (lots) of room to run.

V‚Ä¶"
2020-07-09 18:11:44,1,4709,RT @PandaOptions: $ROKU consolidated near the 133 resistance for a few days and gapped up today over big resistance. Big runner today up 11‚Ä¶
2020-07-09 18:12:27,1,58,"RT @kghufran: Buy and Hold!

Future of health: $lvgo, $isrg, $nvta, $crsp
E-commerce: $se, $wix, $meli
Cybersecurity: $crwd,
5g: $insg
Digi‚Ä¶"
2020-07-09 18:13:09,-1,113,"RT @OphirGottlieb: $ROKU

This is resistance on the 3SD Bollinger.

But... Not done if it breaks out here. 

Lots (lots) of room to run.

V‚Ä¶"
2020-07-09 18:13:37,-1,17,"RT @OphirGottlieb: $ROKU

This is resistance on the 3SD Bollinger.

But... Not done if it breaks out here. 

Lots (lots) of room to run.

V‚Ä¶"
2020-07-09 18:16:45,1,177,"RT @MadMraket: $ROKU 

Wkly now has Higher PT $211  since I posted earlier 

LOOKING great 
Up while mrkt in red !! https://t.co/MQpdRsmGCj"
2020-07-09 18:19:02,-1,5,"RT @MikeB_BBT: Matthew V. from Bear Bull Traders had the ""Member Trade of the Day"" for Thursday's Closing Bell Show. He took a long on $ROK‚Ä¶"
2020-07-09 18:19:45,-1,1430,$Roku Short Squeeze Breakout  - #ROKU chart https://t.co/8laTB5A6yH
2020-07-09 18:20:35,-1,6320,"RT @OphirGottlieb: $ROKU

This is resistance on the 3SD Bollinger.

But... Not done if it breaks out here. 

Lots (lots) of room to run.

V‚Ä¶"
2020-07-09 18:21:27,1,118,$Roku up 11.91% today üòé https://t.co/hb1QoD84La
2020-07-09 18:23:53,1,2580,"RT @breadboxalerts: Amazing win on $AMZN today on multiple layers!

25% off your 1st month!

https://t.co/6ApU6Begvi

$AAPL $AMD $BA $BYND‚Ä¶"
2020-07-09 18:25:23,1,146,RT @DayTradersGroup: $ROKU Jul-10-20 117 Calls now up +92% @ 9 from @ 4.70 https://t.co/suFD93lq3W
2020-07-09 18:27:02,-1,139836,Trading Ideas: $Roku Short Squeeze Breakout https://t.co/qLKy19lesP üìà FREE trade-of-week via ‚Üí https://t.co/BCEHq7Ce2N https://t.co/vhNXn5w9vG
2020-07-09 18:27:29,1,6320,RT @PandaOptions: $ROKU consolidated near the 133 resistance for a few days and gapped up today over big resistance. Big runner today up 11‚Ä¶
2020-07-09 18:29:04,1,74,"$ROKU was on a mission today üí•

I‚Äôve still got 6 shares I‚Äôm swing trading. Took some profits when it hit $135. https://t.co/Ygzy0sXjEV"
2020-07-09 18:33:23,1,74,"Here are my lots in $ROKU

I think transparency is important on money twitter https://t.co/rw6vsT8zKz"
2020-07-09 18:40:22,1,6320,"RT @kghufran: Buy and Hold!

Future of health: $lvgo, $isrg, $nvta, $crsp
E-commerce: $se, $wix, $meli
Cybersecurity: $crwd,
5g: $insg
Digi‚Ä¶"
2020-07-09 18:47:07,1,7724,"RT @TraderAmogh: Introduced a concept called #MomentumMovers in PositiveSwings private feed 2 weeks back

Here are few huge winners that we‚Ä¶"
2020-07-09 18:52:09,1,82,"RT @kghufran: Buy and Hold!

Future of health: $lvgo, $isrg, $nvta, $crsp
E-commerce: $se, $wix, $meli
Cybersecurity: $crwd,
5g: $insg
Digi‚Ä¶"
2020-07-09 18:55:51,-1,8,"RT @OphirGottlieb: $ROKU

This is resistance on the 3SD Bollinger.

But... Not done if it breaks out here. 

Lots (lots) of room to run.

V‚Ä¶"
