PressName,UserName
The New York Times,nytimes
The Washington Post,washingtonpost
Bloomberg,business
Reuters,Reuters
MSNBC,MSNBC
CNN,CNN
Fox News,FoxNews
First Squawk,FirstSquawk
BBC News (World),BBCWorld
ABC News,ABC
CBS News,CBSNews
The Boston Globe,BostonGlobe
Chicago Tribune,chicagotribune
USA TODAY,USATODAY
Los Angeles Times,latimes
NBC News,NBCNews
New York Daily News,NYDailyNews
New York Post,nypost
Apple News,AppleNews
The Wall Street Journal,WSJ
Guardian news,guardiannews
AFP news agency,AFP
China Xinhua News,XHNews
Global Times,globaltimesnews
South China Morning Post,SCMPNews
Barron's,barronsonline
CNBC,CNBC
