Ticker,Company
FLWS,1-800 FLOWERS COM
FCCY,1ST CONSTITUTION BANCORP
SRCE,1ST SOURCE CORP
XXII,22ND CENTURY GROUP INC
TWOU,2U INC
DDD,3D SYSTEMS CORP
MMM,3M CO
EGHT,8X8 INC NEW
ATEN,A10 NETWORKS INC
AAON,AAON INC
AIR,AAR CORP
AAN,AARONS INC
ABT,ABBOTT LABORATORIES
ABBV,ABBVIE INC
ABEO,ABEONA THERAPEUTICS INC
ANF,ABERCROMBIE & FITCH
ABMD,ABIOMED INC
ABM,ABM INDUSTRIES INC
AXAS,ABRAXAS PETE CORP
ACIA,ACACIA COMMUNICATIONS
ACTG,ACACIA RESEARCH CORP
ACHC,ACADIA HEALTHCARE CO
ACAD,ACADIA PHARMACEUTICALS
AKR,ACADIA REALTY TRUST
AXDX,ACCELERATE DIAGNOSTICS
XLRN,ACCELERON PHARMA INC
ACN,ACCENTURE PLC IRELAND
ACCO,ACCO BRANDS CORP
ARAY,ACCURAY INC
ACRX,ACELRX PHARMACEUTICALS
ACER,ACER THERAPEUTICS INC
ACHN,ACHILLION PHARM
ACIW,ACI WORLDWIDE INC
ACRS,ACLARIS THERAPEUTICS
ACNB,ACNB CORP
ACOR,ACORDA THERAPEUTICS INC
ATVI,ACTIVISION BLIZZARD INC
ATU,ACTUANT CORP
AYI,ACUITY BRANDS INC
GOLF,ACUSHNET HOLDINGS CORP
ADMS,ADAMAS PHARMACEUTICALS
ADUS,ADDUS HOMECARE CORP
IOTS,ADESTO TECHNOLOGIES CORP
ADNT,ADIENT PLC
ADMA,ADMA BIOLOGICS INC
ADBE,ADOBE INC
ADT,ADT INC
ATGE,ADTALEM GLOBAL EDUCATION
AA,ALCOA CORPORATION
ALDR,ALDER BIOPHARMACEUTICALS
ALDX,ALDEYRA THERAPEUTICS INC
ALEC,ALECTOR
ALEX,ALEXANDER & BALDWIN INC
ALX,ALEXANDERS INC
ARE,ALEXANDRIA REAL ESTATE
ALXN,ALEXION PHARMACEUTICALS
ALCO,ALICO INC
ALGN,ALIGN TECHNOLOGY INC
ALKS,ALKERMES PLC
ALLK,ALLAKOS INC
Y,ALLEGHANY CORP
ATI,ALLEGHENY TECHNOLOGIES
ABTX,ALLEGIANCE BANCSHARES
ALGT,ALLEGIANT TRAVEL CO
ALLE,ALLEGION PLC
AGN,ALLERGAN PLC
ALE,ALLETE INC
ADS,ALLIANCE DATA SYSTEMS
LNT,ALLIANT ENERGY CORP
AMOT,ALLIED MOTION TECH
ALSN,ALLISON TRANSMISSION
ALLO,ALLOGENE THERAPEUTICS
MDRX,ALLSCRIPTS HEALTHCARE
ALL,ALLSTATE CORP
ALLY,ALLY FINL INC
ALNY,ALNYLAM PHARMACEUTICALS
AOSL,ALPHA & OMEGA SEMICON
GOOGL,ALPHABET INC CL A
GOOG,ALPHABET INC CL C
ATEC,ALPHATEC HOLDINGS
ALTR,ALTAIR ENGINEERING INC
AYX,ALTERYX INC
ATUS,ALTICE USA
ASPS,ALTISOURCE PORTFOLIO
AIMC,ALTRA INDUSTRIAL MOTION
MO,ALTRIA GROUP INC
ALTM,ALTUS MIDSTREAM CO
AMAG,AMAG PHARMACEUTICALS INC
AMAL,AMALGAMATED BANK
AMZN,AMAZON COM INC
AMBC,AMBAC FINL GROUP INC
AMBA,AMBARELLA INC
AMBR,AMBER RD INC
AMC,AMC ENTERTAINMENT
AMCX,AMC NETWORKS INC
DOX,AMDOCS LTD
AMED,AMEDISYS INC
AVXL,ANAVEX LIFE SCIENCES
ANDE,ANDERSONS INC
ANGO,ANGIODYNAMICS INC
ANIP,ANI PHARMACEUTICALS INC
ANIK,ANIKA THERAPEUTICS INC
AXE,ANIXTER INTERNATIONAL
NLY,ANNALY CAPITAL MGMT INC
ANSS,ANSYS INC
ATRS,ANTARES PHARMA INC
AM,ANTERO MIDSTREAM CORP
AR,ANTERO RESOURCES CO
ANTM,ANTHEM INC
ANH,ANWORTH MORTGAGE ASSET
AON,AON PLC
APA,APACHE CORP
AIV,APARTMENT INVT & MGMT
APLS,APELLIS PHARMACEUTICALS
APY,APERGY CORPORATION
APOG,APOGEE ENTERPRISES INC
ARI,APOLLO COMMERCIAL RE
AMEH,APOLLO MEDICAL HOLDINGS
APPF,APPFOLIO INC
APPN,APPIAN
APLE,APPLE HOSPITALITY REIT
AAPL,APPLE INC
AIT,APPLIED INDUSTRIAL TECH
AMAT,APPLIED MATLS INC
AAOI,APPLIED OPTOELECTRONICS
ATR,APTARGROUP INC
APTV,APTIV PLC
APYX,APYX MEDICAL INC
WTR,AQUA AMERICA INC
AQ,AQUANTICA CORP
WAAS,AQUAVENTURE HOLDINGS LTD
ARMK,ARAMARK
PETX,ARATANA THERAPEUTICS INC
ARCB,ARCBEST CORPORATION
ACGL,ARCH CAP GROUP LTD
ARCH,ARCH COAL INC
ADM,ARCHER DANIELS MIDLAND
AROC,ARCHROCK INC
ARNC,ARCONIC INC
ACA,ARCOSA
RCUS,ARCUS BIOSCIENCES
ARD,ARDAGH GROUP SA
ARDX,ARDELYX INC
ASC,ARDMORE SHIPPING CORP
ARNA,ARENA PHARMACEUTICALS
ACRE,ARES COML REAL ESTATE
BOLD,AUDENTES THERAPEUTICS
ADSK,AUTODESK INC
ADP,AUTOMATIC DATA PROCESS
AN,AUTONATION INC
AZO,AUTOZONE INC
AVLR,AVALARA INC
AVCO,AVALON GLOBOCARE CORP
AVB,AVALONBAY CMNTYS INC
AGR,AVANGRID INC
AVNS,AVANOS MEDICAL INC
AVYA,AVAYA HOLDINGS CORP
AVDR,AVEDRO
AVY,AVERY DENNISON CORP
CDMO,AVID BIOSERVICES INC
AVID,AVID TECHNOLOGY INC
CAR,AVIS BUDGET GROUP INC
AVA,AVISTA CORP
AVT,AVNET INC
AVRO,AVROBIO INC
AVX,AVX CORP
EQH,AXA EQUITABLE HOLDINGS
AXTA,AXALTA COATING SYSTEMS
ACLS,AXCELIS TECHNOLOGIES INC
AXLA,AXCELLA HEALTH
AXS,AXIS CAPITAL HOLDINGS
AXGN,AXOGEN INC
AAXN,AXON ENTERPRISE INC
AXNX,AXONICS MODULATION TECH
AX,AXOS FINANCIAL INC
AXSM,AXSOME THERAPEUTICS INC
AXTI,AXT INC
AZZ,AZZ INC
BGS,B & G FOODS INC
RILY,B. RILEY FINANCIAL INC
BMI,BADGER METER INC
BHGE,BAKER HUGHES GE
BCPC,BALCHEM CORP
BLL,BALL CORP
BANC,BANC OF CALIFORNIA INC
BANF,BANCFIRST CORP
BLX,BANCO LATINOAMERICANO
TBBK,BANCORP INC
BXS,BANCORPSOUTH BANK
BAND,BANDWIDTH CLASS A
BOCH,BANK COMM HLDGS
BFC,BANK FIRST NATIONAL
BAC,BANK OF AMERICA CORP
BOH,BANK OF HAWAII CORP
BMRC,BANK OF MARIN BANCORP
BSGM,BIOSIG TECHNOLOGIES INC
BSTC,BIOSPECIFICS TECHNO CORP
BEAT,BIOTELEMETRY INC
BTX,BIOTIME INC
BTAI,BIOXCEL THERAPEUTICS
BJRI,BJS RESTAURANTS INC
BJ,BJ'S WHOLESALE CLUB HDLG
BKH,BLACK HILLS CORP
BKI,BLACK KNIGHT
BLKB,BLACKBAUD INC
BL,BLACKLINE INC
BLK,BLACKROCK INC
BXMT,BLACKSTONE MORTGAGE TRST
HRB,BLOCK H & R INC
BE,BLOOM ENERGY
BLMN,BLOOMIN' BRANDS INC
BCOR,BLUCORA INC
BLBD,BLUE BIRD CORP
BLUE,BLUEBIRD BIO INC
BXG,BLUEGREEN VACATIONS CORP
BXC,BLUELINX HOLDINGS INC
BPMC,BLUEPRINT MEDICINES CORP
BRG,BLUEROCK RESIDENT REIT
BMCH,BMC STOCK HOLDINGS INC
BA,BOEING CO
WIFI,BOINGO WIRELESS INC
BCC,BOISE CASCADE COMPANY
BOKF,BOK FINANCIAL CORP
BCEI,BONANZA CREEK ENER INC
BKNG,BOOKING HOLDINGS INC
BOOT,BOOT BARN HOLDINGS
BAH,BOOZ ALLEN HAMILTON HLDG
BWA,BORG WARNER INC
SAM,BOSTON BEER INC
BOMN,BOSTON OMAHA
BPFH,BOSTON PRIVATE FINANCIAL
BXP,BOSTON PROPERTIES INC
BSX,BOSTON SCIENTIFIC CO
EPAY,BOTTOMLINE TECHNOLOGIES
BOX,BOX INC
BYD,BOYD GAMING CORP
BRC,BRADY CORP
BHR,BRAEMAR HOTELS & RESORTS
BDN,BRANDYWINE REALTY TRUST
BDGE,BRIDGE BANCORP INC
BWB,BRIDGEWATER BANCSHARES
BRID,BRIDGFORD FOODS CORP
BGG,BRIGGS & STRATTON CO
MNRL,BRIGHAM MINERALS
CWT,CALIFORNIA WTR SVC GRP
CALA,CALITHERA BIOSCIENCES
CALX,CALIX INC
ELY,CALLAWAY GOLF CO
CPE,CALLON PETROLEUM CO
CLXT,CALYXT
CBM,CAMBREX CORP
CATC,CAMBRIDGE BANCORP
CAC,CAMDEN NATIONAL CORP
CPT,CAMDEN PROPERTY TRUST
CPB,CAMPBELL SOUP CO
CWH,CAMPING WORLD HOLDINGS
CNNE,CANNAE HOLDINGS INC
CMD,CANTEL MEDICAL CORP
CBNK,CAPITAL BANCORP INC
CCBG,CAPITAL CITY BANK GROUP
COF,CAPITAL ONE FINANCIAL
CFFN,CAPITOL FEDERAL FINL INC
CPRI,CAPRI HOLDINGS LIMITED
CSTR,CAPSTAR FINANCIAL HLDG
CMO,CAPSTEAD MORTGAGE CORP
CARA,CARA THERAPEUTICS INC
CBLK,CARBON BLACK
CARB,CARBONITE INC
CAH,CARDINAL HEALTH INC
CSII,CARDIOVASCULAR SYS INC
CDLX,CARDLYTICS INC
CATM,CARDTRONICS PLC
CRCM,CARE.COM INC
CDNA,CAREDX INC
CECO,CAREER EDUCATION CORP
CTRE,CARETRUST REIT INC
CARG,CARGURUS INC
CSL,CARLISLE COS INC
KMX,CARMAX INC
CCL,CARNIVAL CORP
CARO,CAROLINA FINL CORP
CRS,CARPENTER TECHNOLOGY
CSV,CARRIAGE SERVICES INC
CRZO,CARRIZO OIL & GAS INC
TAST,CARROLS RESTAURANT GRP
CARS,CARS.COM
CARE,CARTER BANK & TRUST
CRI,CARTER INC
CVNA,CARVANA CO
CASA,CASA SYSTEMS INC
CWST,CASELLA WASTE SYSTEMS
CASY,CASEYS GENERAL STORES
CASI,CASI PHARMACEUTICALS INC
CHAP,CHAPARRAL ENERGY INC
CHRA,CHARAH SOLUTIONS INC
CRL,CHARLES RIVER LABS INTL
GTLS,CHART INDUSTRIES INC
CHTR,CHARTER COMM INC
CCF,CHASE CORP
CLDT,CHATHAM LODGING TR
CKPT,CHECKPOINT THERAPEUTICS
CAKE,CHEESECAKE FACTORY INC
CHEF,CHEFS' WHAREHOUSE INC
CHGG,CHEGG INC
CHE,CHEMED CORPORATION
CHFC,CHEMICAL FINANCIAL CORP
CCXI,CHEMOCENTRYX INC
CHMG,CHEMUNG FINL CORP
LNG,CHENIERE ENERGY INC
CHMI,CHERRY HILL MORTGAGE INV
CHK,CHESAPEAKE ENERGY CORP
CHSP,CHESAPEAKE LODGING TRUST
CPK,CHESAPEAKE UTILITIES
CVX,CHEVRON CORP
CHMA,CHIASMA INC
CHS,CHICOS FAS INC
PLCE,CHILDRENS PLACE INC
CIM,CHIMERA INVESTMENT CORP
CMRX,CHIMERIX INC
CMG,CHIPOTLE MEXICAN GRILL
CHH,CHOICE HOTELS INTL INC
CDXC,CHROMADEX CORP
CB,CHUBB LIMITED
CHD,CHURCH & DWIGHT INC
CHDN,CHURCHILL DOWNS INC
CHUY,CHUY'S HOLDINGS INC
CIEN,CIENA CORP
CI,CIGNA CORP
CMCT,CIM COMMERCIAL TRUST
XEC,CIMAREX ENERGY CO
CMPR,CIMPRESS NV
CBB,CINCINNATI BELL INC
CINF,CINCINNATI FINANCIAL
CNK,CINEMARK HOLDINGS INC
CTAS,CINTAS CORP
CIR,CIRCOR INTERNATIONAL INC
CRUS,CIRRUS LOGIC INC
CSCO,CISCO SYSTEMS INC
CISN,CISION
CIT,CIT GROUP INC
CTRN,CITI TRENDS INC
C,CITIGROUP INC
CXP,COLUMBIA PPTY TR INC
COLM,COLUMBIA SPORTSWEAR CO
CMCO,COLUMBUS MCKINNON CORP
CMCSA,COMCAST CORP CL A
CMA,COMERICA INC
FIX,COMFORT SYSTEMS USA INC
CBSH,COMMERCE BANCSHARES INC
CMC,COMMERCIAL METALS CO
CVGI,COMMERCIAL VEH GROUP INC
COMM,COMMSCOPE HOLDING CO
CBU,COMMUNITY BANK SYSTEMS
ESXB,COMMUNITY BANKERS TRUST
TCFC,COMMUNITY FINL CORP MD
CYH,COMMUNITY HEALTH SYSTEMS
CHCT,COMMUNITY HEALTHCARE TR
CTBI,COMMUNITY TRUST BANCORP
CVLT,COMMVAULT SYSTEMS INC
CMP,COMPASS MINERALS INTL
CPSI,COMPUTER PROGRAMS & SYS
CIX,COMPX INTERNATIONAL INC
SCOR,COMSCORE INC
CRK,COMSTOCK RESOURCES INC
CMTL,COMTECH TELECOMM
CAG,CONAGRA BRANDS INC
CNCE,CONCERT PHARMACEUTICALS
CXO,CONCHO RESOURCES INC
BBCP,CONCRETE PUMPING
CNDT,CONDUENT INC
CFMS,CONFORMIS INC
CNMD,CONMED CORP
CTWS,CONNECTICUT WATER SVC
CNOB,CONNECTONE BANCORP INC
CONN,CONNS INC
COP,CONOCOPHILLIPS
CEIX,CONSOL ENERGY INC
CNSL,CONSOLIDATED COMM
ED,CONSOLIDATED EDISON INC
CTO,CONSOLIDATED TOMOKA LAND
CWCO,CONSOLIDATED WATER CO
STZ,CONSTELLATION BRANDS
CNST,CONSTELLATION PHARMA
ROAD,CONSTRUCTION PARTNERS
CBPX,CONTINENTAL BLDG PRODS
CLR,CONTINENTAL RESOURCES
CTRL,CONTROL4 CORPORATION
CTRA,CONTURA ENERGY
COO,COOPER COMPANIES INC
CPS,COOPER STD HLDGS INC
CTB,COOPER TIRE & RUBBER CO
CUBE,CUBESMART
CUB,CUBIC CORP
CUE,CUE BIOPHARMA INC
CFR,CULLEN FROST BANKERS
CULP,CULP INC
CMI,CUMMINS INC
CMLS,CUMULUS MEDIA INC
CURO,CURO GROUP HOLDINGS CORP
CW,CURTISS WRIGHT CORP
CWK,CUSHMAN & WAKEFIELD PLC
CUBI,CUSTOMERS BANCORP INC
CUTR,CUTERA INC
CVBF,CVB FINANCIAL CORP
CVI,CVR ENERGY INC
CVS,CVS HEALTH CORPORATION
CYCN,CYCLERION THERAPEUTICS
CBAY,CYMABAY THERAPEUTICS INC
CY,CYPRESS SEMICONDUCTOR
CONE,CYRUSONE INC
CYTK,CYTOKINETICS INC
CTMX,CYTOMX THERAPEUTICS INC
CTSO,CYTOSORBENTS CORP
DHI,D R HORTON INC
DJCO,DAILY JOURNAL CORP
DAKT,DAKTRONICS INC
DAN,DANA INCORPORATED
DHR,DANAHER CORP
DRI,DARDEN RESTAURANTS INC
DAR,DARLING INGREDIENTS INC
DZSI,DASAN ZHONE SOLUTIONS
DSKE,DASEKE INC
PLAY,DAVE & BUSTERS ENTMT INC
DVA,DAVITA INC
DF,DEAN FOODS COMPANY
DCPH,DECIPHERA PHARMACEUTICAL
DECK,DECKERS OUTDOOR CORP
DE,DEERE & CO
DFRG,DEL FRISCOS RESTAURANT
TACO,DEL TACO RESTAURANTS INC
DK,DELEK US HLDGS INC
DELL,DELL TECHNOLOGIES
DAL,DELTA AIR LINES INC
DLA,DELTA APPAREL INC
DLX,DELUXE CORP
DNLI,DENALI THERAPEUTICS INC
DNR,DENBURY RESOURCES INC
DENN,DENNYS CORP
XRAY,DENTSPLY SIRONA INC
DERM,DERMIRA INC
DS,DRIVE SHACK
DBX,DROPBOX
DSPG,DSP GROUP INC
DTE,DTE ENERGY CO
DCO,DUCOMMUN INC
DUK,DUKE ENERGY CORP
DRE,DUKE REALTY CORP
DLTH,DULUTH HOLDINGS INC
DNKN,DUNKIN BRANDS GROUP INC
DD,DUPONT DE NEMOURS INC
DXC,DXC TECHNOLOGY COMPANY
DXPE,DXP ENTERPRISES INC
DY,DYCOM INDUSTRIES INC
DVAX,DYNAVAX TECHNOLOGIES
DX,DYNEX CAPITAL INC
ETFC,E TRADE FINANCIAL CORP
EGBN,EAGLE BANCORP INC
EGLE,EAGLE BULK SHIPPING INC
EXP,EAGLE MATERIALS INC
EGRX,EAGLE PHARMACEUTICALS
ESTE,EARTHSTONE ENERGY INC
EWBC,EAST WEST BANCORP INC
DEA,EASTERLY GOVERNMENT PPTY
EML,EASTERN CO
EGP,EASTGROUP PROPERTIES INC
EMN,EASTMAN CHEMICAL CO
ETN,EATON CORP PLC
EV,EATON VANCE CORP
EBAY,EBAY INC
EBIX,EBIX INC
ECHO,ECHO GLOBAL LOGISTICS
SATS,ECHOSTAR CORP
ECL,ECOLAB INC
EPC,EDGEWELL PERSONAL CARE
EIX,EDISON INTERNATIONAL
EDIT,EDITAS MEDICINE INC
EW,EDWARDS LIFESCIENCES
EGAN,EGAIN CORPORATION
EHTH,EHEALTH INC
EIDX,EIDOS THERAPEUTICS
EIGR,EIGER BIOPHARMACEUTICALS
EE,EL PASO ELECTRIC CO
LOCO,EL POLLO LOCO HLDGS INC
ELAN,ELANCO ANIMAL HEALTH
ESTC,ELASTIC N.V.
ERI,ELDORADO RESORTS INC
ECOR,ELECTROCORE INC
EA,ELECTRONIC ARTS INC
EFII,ELECTRONICS FOR IMAGING
EQBK,EQUITY BANCSHARE INC
EQC,EQUITY COMMONWEALTH
ELS,EQUITY LIFESTYLE PROP
EQR,EQUITY RESIDENTIAL
ERA,ERA GROUP INC
ERIE,ERIE INDEMNITY CO
EROS,EROS INTL PLC
ESCA,ESCALADE INC
ESE,ESCO TECHNOLOGIES INC
ESPR,ESPERION THERAPEUTICS
ESQ,ESQUIRE FINANCIAL HLDGS
ESSA,ESSA BANCORP INC
ESNT,ESSENT GROUP LTD
EPRT,ESSENTIAL PROPERTIES
ESS,ESSEX PROPERTY TRUST INC
EL,ESTEE LAUDER COMPANIES
ETH,ETHAN ALLEN INTERIORS
ETSY,ETSY INC
EEFT,EURONET WORLDWIDE INC
EVBN,EVANS BANCORP INC
EVLO,EVELO BIOSCIENCES
EB,EVENTBRITE
EVBG,EVERBRIDGE INC
EVR,EVERCORE INC
RE,EVEREST RE GROUP LTD
EVRG,EVERGY INC
EVRI,EVERI HOLDINGS INC
EVER,EVERQUOTE
ES,EVERSOURCE ENERGY
EVTC,EVERTEC INC
EVI,EVI INDUSTRIES
EVOP,EVO PAYMENTS INC
EVFM,EVOFEM BIOSCIENCES INC
EVH,EVOLENT HEALTH INC
EOLS,EVOLUS INC
EPM,EVOLUTION PETROLEUM CORP
AQUA,EVOQUA WATER TECH
EXAS,EXACT SCIENCES CORP
XAN,EXANTAS CAPITAL CORP
XELA,EXELA TECHNOLOGIES
EXEL,EXELIXIS INC
EXC,EXELON CORP
EXLS,EXLSERVICE HOLDINGS INC
EXPI,EXP WORLD HOLDINGS
EXPE,EXPEDIA GROUP INC
EXPD,EXPEDITORS INTL OF WASH
EXPO,EXPONENT INC
EXPR,EXPRESS INC
STAY,EXTENDED STAY AMERICA
FCNCA,FIRST CITIZENS BANCSHRS
FCBC,FIRST CMNTY BANCSHAR
FCF,FIRST COMMONWLTH FINL
FDC,FIRST DATA CORPORATION
FDEF,FIRST DEFIANCE FINANCIAL
FFBC,FIRST FINANCIAL BANCORP
THFF,FIRST FINANCIAL CORP
FFIN,FIRST FINL BANKSHARES
FFNW,FIRST FINL NORTHWEST
FFWM,FIRST FNDTN INC
FGBI,FIRST GUARANTY BANCSHARE
FHB,FIRST HAWAIIAN INC
FHN,FIRST HORIZON NATL CORP
FR,FIRST INDUSTRIAL RLTY TR
INBK,FIRST INTERNET BANCORP
FIBK,FIRST INTST BANCSYSTEM
FLIC,FIRST LONG ISLAND CORP
FRME,FIRST MERCHANTS CORP
FMBH,FIRST MID BANCSHARES INC
FMBI,FIRST MIDWEST BANCORP
FNWB,FIRST NORTHWEST BANCORP
FRC,FIRST REP BK SAN FRAN
FSLR,FIRST SOLAR INC
FCFS,FIRSTCASH INC
FE,FIRSTENERGY CORP
FISV,FISERV INC
FIT,FITBIT INC
FIVE,FIVE BELOW
FPRX,FIVE PRIME THERAPEUTICS
FIVN,FIVE9 INC
FBC,FLAGSTAR BANCORP INC
FLT,FLEETCOR TECHNOLOGIES
FLXN,FLEXION THERAPEUTICS INC
FLXS,FLEXSTEEL INDUSTRIES INC
FLIR,FLIR SYSTEMS INC
FND,FLOOR & DECOR HOLDINGS
FTK,FLOTEK INDUSTRIES INC
FLO,FLOWERS FOODS INC
FLS,FLOWSERVE CORP
FLNT,FLUENT INC
FLDM,FLUIDIGM CORP
FLR,FLUOR CORP
FFIC,FLUSHING FINANCIAL CORP
FMC,FMC CORP
FNB,FNB CORP
FNCB,FNCB BANCORP INC
FNF,FNF GROUP
FOCS,FOCUS FINANCIAL PARTNERS
FL,FOOT LOCKER INC
GCI,GANNETT CO INC
GPS,GAP INC
GDI,GARDNER DENVER HOLDINGS
GRMN,GARMIN LTD
IT,GARTNER INC
GLOG,GASLOG LTD
GTES,GATES INDUSTRIAL CORP
GATX,GATX CORP
GLIBA,GCI LIBERTY INC
GCP,GCP APPLIED TECHNOLOGIES
GNK,GENCO SHIPPING & TRADING
GENC,GENCOR INDUSTRIES INC
GNRC,GENERAC HOLDINGS INC
GD,GENERAL DYNAMICS CORP
GE,GENERAL ELECTRIC CO
GFN,GENERAL FINANCE CORP
GIS,GENERAL MILLS INC
GM,GENERAL MTRS CO
GCO,GENESCO INC
GWR,GENESEE & WYOMING INC
GEN,GENESIS HEALTHCARE INC
GNE,GENIE ENERGY LTD
GNMK,GENMARK DIAGNOSTICS INC
GHDX,GENOMIC HEALTH INC
G,GENPACT LTD
GNTX,GENTEX CORP
THRM,GENTHERM INC
GPC,GENUINE PARTS CO
GNW,GENWORTH FINANCIAL INC
GEO,GEO GROUP INC
GEOS,GEOSPACE TECHNOLOGIES
GABC,GERMAN AMERICAN BANCORP
GERN,GERON CORP
GTY,GETTY REALTY CORP
ROCK,GIBRALTAR INDUSTRIES INC
GILD,GILEAD SCIENCES INC
GBCI,GLACIER BANCORP INC
GOOD,GLADSTONE COMMERCIAL
LAND,GLADSTONE LAND INC
GLT,GLATFELTER
GKOS,GLAUKOS CORPORATION
GBT,GLOBAL BLOOD THERA
BRSS,GLOBAL BRASS & COPPR HLD
GBLI,GLOBAL INDEMNITY LTD
GMRE,GLOBAL MEDICAL REIT INC
GNL,GLOBAL NET LEASE INC
GPN,GLOBAL PAYMENTS INC
GWRS,GLOBAL WATER RESOURCES
GMED,GLOBUS MEDICAL INC
GTT,GTT COMMUNICATIONS INC
GTYH,GTY TECHNOLOGY HOLDINGS
GNTY,GUARANTY BANCSHARES INC
GH,GUARDANT HEALTH
GES,GUESS INC
GWRE,GUIDEWIRE SOFTWARE INC
GPOR,GULFPORT ENERGY CORP
GWGH,GWG HLDGS INC
HEES,H&E EQUIPMENT SERVICES
HABT,HABIT RESTAURANTS
HCKT,HACKETT GROUP INC
HAE,HAEMONETICS CORP
HAIN,HAIN CELESTIAL GROUP
HNRG,HALLADOR ENERGY CO
HAL,HALLIBURTON CO
HALL,HALLMARK FINL SVCS INC
HALO,HALOZYME THERAPEUTICS
HBB,HAMILTON BEACH BRANDS
HLNE,HAMILTON LANE INC
HWC,HANCOCK WHITNEY CORP
HBI,HANESBRAND INC
HNGR,HANGER INC
HAFC,HANMI FINANCIAL CORP
HASI,HANNON ARMSTRONG SUSTAIN
THG,HANOVER INSURANCE GROUP
HONE,HARBORONE BANCORP INC
HOG,HARLEY DAVIDSON INC
HLIT,HARMONIC INC
HARP,HARPOON THERAPEUTICS
HSC,HARSCO CORP
HIG,HARTFORD FINL SVCS GRP
HAS,HASBRO INC
HVT,HAVERTY FURNITURE INC
HE,HAWAIIAN ELECTRIC INDS
HA,HAWAIIAN HOLDINGS INC
HWKN,HAWKINS INC
HWBK,HAWTHORN BANCSHARES INC
HAYN,HAYNES INTERNATIONAL INC
FUL,HB FULLER COMPANY
HCA,HCA HEALTHCARE INC
HCI,HCI GROUP INC
HCP,HCP INC
HDS,HD SUPPLY HOLDINGS INC
HIIQ,HEALTH INS INNOVATIONS
HR,HEALTHCARE REALTY TRUST
HCSG,HEALTHCARE SVCS GRP INC
HTA,HEALTHCARE TR AMER INC
HQY,HEALTHEQUITY INC
HSTM,HEALTHSTREAM INC
HOFT,HOOKER FURNITURE CORP
HOOK,HOOKIPA PHARMA
HOPE,HOPE BANCORP INC
HMN,HORACE MANN EDUCATORS
HBNC,HORIZON BANCORP INC
HZNP,HORIZON THERAPEUTICS PLC
HRL,HORMEL FOODS CORP
HPT,HOSPITALITY PPTYS TRUST
HST,HOST HOTELS & RESORTS
TWNK,HOSTESS BRANDS INC
HMHC,HOUGHTON MIFFLIN HARCOUR
HLI,HOULIHAN LOKEY INC
HBMD,HOWARD BANCORP INC
HHC,HOWARD HUGHES CORP
HPQ,HP INC
HUBG,HUB GROUP INC
HUBB,HUBBELL INC
HUBS,HUBSPOT INC
HUD,HUDSON LTD
HPP,HUDSON PAC PPTYS INC
HUM,HUMANA INC
HBAN,HUNTINGTON BANCSHARES
HII,HUNTINGTON INGALLS IND
HUN,HUNTSMAN CORP
HURC,HURCO COMPANIES INC
HURN,HURON CONSULTING GROUP
H,HYATT HOTELS CORP
HY,HYSTER-YALE MATERIALS
IIIV,I3 VERTICALS INC
IAA,IAA
IAC,IAC INTERACTIVECORP
IBKC,IBERIABANK CORP
ICFI,ICF INTERNATIONAL INC
ICHR,ICHOR HOLDINGS INC
ICUI,ICU MEDICAL INC
IDA,IDACORP INC
IDEX,IDEANOMICS INC
IEX,IDEX CORP
IDXX,IDEXX LABS INC
IDT,IDT CORP
IESC,IES HOLDINGS INC
INFO,IHS MARKIT LTD
IIVI,II VI INC
ITW,ILLINOIS TOOL WORKS INC
ILMN,ILLUMINA INC
IMAX,IMAX CORP
IMMR,IMMERSION CORP
IMGN,IMMUNOGEN INC
IMMU,IMMUNOMEDICS INC
IP,INTERNATIONAL PAPER CO
INSW,INTERNATIONAL SEAWAYS
ISCA,INTERNATIONAL SPEEDWAY
IPG,INTERPUBLIC GROUP OF COS
XENT,INTERSECT ENT INC
IBM,INTL BUSINESS MACHINES
INTL,INTL FCSTONE INC
IFF,INTL FLAVORS & FRAGRANCE
ITCI,INTRA CELLULAR THERAPIES
IPI,INTREPID POTASH INC
XON,INTREXON CORP
IIN,INTRICON CORP
INTU,INTUIT
ISRG,INTUITIVE SURGICAL INC
IVC,INVACARE CORP
IVZ,INVESCO LTD
IVR,INVESCO MORTGAGE CAP
ISTR,INVESTAR HOLDING CORP
ISBC,INVESTORS BANCORP INC
IRET,INVESTORS REAL ESTATE TR
ITIC,INVESTORS TITLE CO
NVTA,INVITAE CORPORATION
INVH,INVITATION HOMES INC
IONS,IONIS PHARMACEUTICALS
IOVA,IOVANCE BIOTHERAPEUTICS
IPGP,IPG PHOTONICS CORP
IQV,IQVIA HOLDINGS INC
IRMD,IRADIMED CORPORATION
IRTC,IRHYTHM TECHNOLOGIES INC
IRDM,IRIDIUM COMMUNICATIONS
IRBT,IROBOT CORP
IRM,IRON MOUNTAIN INC
IRWD,IRONWOOD PHARMACEUTICALS
ISRL,ISRAMCO INC
STAR,ISTAR INC
ITI,ITERIS INC
ITRI,ITRON INC
ITT,ITT INC
JJSF,J & J SNACK FOODS CO
JAX,J ALEXANDERS HOLDINGS
JCOM,J2 GLOBAL INC
JBL,JABIL INC
JACK,JACK IN THE BOX INC
JEC,JACOBS ENGINEERING GRP
JAG,JAGGED PEAK ENERGY INC
JRVR,JAMES RIVER GROUP HLDG
JHG,JANUS HENDERSON GROUP
JAZZ,JAZZ PHARMACEUTICALS PLC
JBHT,JB HUNT TRANS SVCS INC
KEX,KIRBY CORP
KRG,KITE REALTY GROUP TRUST
KREF,KKR REAL ESTATE FINANCE
KLAC,KLA-TENCOR CORP
KLXE,KLX ENERGY SERVICES
KNX,KNIGHT-SWIFT TRANSPORT
KNL,KNOLL INC
KN,KNOWLES CORPORATION
KOD,KODIAK SCIENCES
KSS,KOHLS CORP
KTB,KONTOOR BRANDS
KOP,KOPPERS HOLDINGS INC
KFY,KORN FERRY
KOS,KOSMOS ENERGY LTD
KRA,KRATON CORPORATION
KTOS,KRATOS DEFENSE & SEC SOL
KR,KROGER CO
KRO,KRONOS WORLDWIDE INC
KRYS,KRYSTAL BIOTECH
KURA,KURA ONCOLOGY INC
KVHI,KVH INDUSTRIES INC
LB,L BRANDS INC
LLL,L3 TECHNOLOGIES
LHX,L3HARRIS TECHNOLOGIES
LJPC,LA JOLLA PHARMACEUTICAL
LZB,LA Z BOY INC
LH,LABORATORY CORP OF AMER
LADR,LADDER CAPITAL CORP
LTS,LADENBURG THALMAN FIN
LBAI,LAKELAND BANCORP INC
LKFN,LAKELAND FINANCIAL CORP
LRCX,LAM RESEARCH CORP
LAMR,LAMAR ADVERTISING CO
LW,LAMB WESTON HOLDINGS
LANC,LANCASTER COLONY CORP
LNDC,LANDEC CORP
LE,LANDS END INC
LSTR,LANDSTAR SYSTEMS INC
LCI,LANNETT CO INC
LNTH,LANTHEUS HOLDINGS INC
LPI,LAREDO PETROLEUM INC
LVS,LAS VEGAS SANDS CORP
LSCC,LATTICE SEMICONDUCTOR
LAUR,LAUREATE EDUCATION INC
LAWS,LAWSON PRODUCTS INC
LAZ,LAZARD LTD
LCII,LCI INDUSTRIES
LCNB,LCNB CORP
LEAF,LEAF GROUP LTD
LFUS,LITTELFUSE INC
LIVN,LIVANOVA PLC
LYV,LIVE NATION ENT INC
LOB,LIVE OAK BANCSHARES INC
LTHM,LIVENT
LPSN,LIVEPERSON INC
RAMP,LIVERAMP HOLDINGS INC
LIVX,LIVEXLIVE MEDIA
LKQ,LKQ CORP
LMT,LOCKHEED MARTIN CORP
L,LOEWS CORP
LOGC,LOGICBIO THERAPEUTICS
LOGM,LOGMEIN INC
LORL,LORAL SPACE & COMM
LPX,LOUISIANA PACIFIC CORP
LOVE,LOVESAC CO
LOW,LOWES COS INC
LPLA,LPL FINANCIAL HOLDINGS
LXU,LSB INDUSTRIES INC
LKSD,LSC COMMUNICATIONS
LTC,LTC PROPERTIES INC
LULU,LULULEMON ATHLETICA INC
LL,LUMBER LIQUIDATORS HLDGS
LITE,LUMENTUM HOLDINGS INC
LMNX,LUMINEX CORP
LBC,LUTHER BURBANK CORP
LXFR,LUXFER HOLDINGS
LDL,LYDALL INC
LYFT,LYFT
LYB,LYONDELLBASELL INDS
MTB,M & T BANK CORP
MHO,M/I HOMES INC
MCBC,MACATAWA BANK CORP
MAC,MACERICH CO
CLI,MACK CALI REALTY CORP
MFNC,MACKINAC FINL CORP
MTSI,MACOM TECH SOLUTIONS
MIC,MACQUARIE INFRASTRUCTURE
MGNX,MACROGENICS INC
M,MACYS INC
SHOO,MADDEN STEVEN LTD
MSG,MADISON SQUARE GARDEN CO
MDGL,MADRIGAL PHARMACEUTICALS
MGLN,MAGELLAN HEALTH INC
MGTA,MAGENTA THERAPEUTICS INC
MGY,MAGNOLIA OIL & GAS (A)
MNSB,MAINSTREET BANCSHARES
MJCO,MAJESCO
MBUU,MALIBU BOATS INC
MDR,MCDERMOTT INTL INC
MCD,MCDONALDS CORP
MGRC,MCGRATH RENTCORP
MCK,MCKESSON CORP
MDCA,MDC CORP
MDC,MDC HOLDINGS INC
MDU,MDU RESOURCES GROUP INC
MFIN,MEDALLION FINANCIAL
MPW,MEDICAL PROPERTIES TRUST
MDCO,MEDICINES CO
MNOV,MEDICINOVA INC
MDSO,MEDIDATA SOLUTIONS INC
MED,MEDIFAST INC
MD,MEDNAX INC
MEDP,MEDPACE HOLDINGS INC
MDT,MEDTRONIC PLC
MEIP,MEI PHARMA INC
MGTX,MEIRAGTX HOLDINGS PLC
MNLO,MENLO THERAPEUTICS INC
MBWM,MERCANTILE BANK CORP
MBIN,MERCHANTS BANCORP
MRK,MERCK & CO INC
MCY,MERCURY GENERAL CORP
MRCY,MERCURY SYSTEMS INC
MDP,MEREDITH CORP
EBSB,MERIDIAN BANCORP INC
VIVO,MERIDIAN BIOSCIENCE INC
MMSI,MERIT MED SYSTEMS INC
MTH,MERITAGE HOMES CORP
MTOR,MERITOR INC
MRSN,MERSANA THERAPEUTICS
MESA,MESA AIR GROUP INC
MLAB,MESA LABS INC
CASH,META FINANCIAL GROUP INC
MEI,METHODE ELECTRS INC
MET,METLIFE INC
MCB,METROPOLITAN BANK HOLDIN
MTD,METTLER TOLEDO INTL INC
MFA,MFA FINANCIAL INC
MGEE,MGE ENERGY INC
MTG,MGIC INVESTMENT CORP
MGM,MGM RESORTS INTL
MGPI,MGP INGREDIENTS INC
MIK,MICHAELS COS INC/THE
MCHP,MICROCHIP TECHNOLOGY
MU,MICRON TECHNOLOGY INC
MSFT,MICROSOFT CORP
MSTR,MICROSTRATEGY INC
MPB,MID PENN BANCORP INC
MSM,MSC INDL DIRECT INC
MSCI,MSCI INC
MSGN,MSG NETWORKS INC
MTSC,MTS SYSTEMS CORP
MLI,MUELLER INDUSTRIES INC
MWA,MUELLER WTR PRODS INC
LABL,MULTI COLOR CORP
MUR,MURPHY OIL CORP
MUSA,MURPHY USA INC
MBIO,MUSTANG BIO
MFSF,MUTUALFIRST FINL INC
MVBF,MVB FINANCIAL CORP
MYE,MYERS INDUSTRIES INC
MYL,MYLAN NV
MYOK,MYOKARDIA INC
MYRG,MYR GROUP INC
MYGN,MYRIAD GENETICS INC
NBR,NABORS INDUSTRIES LTD
NC,NACCO INDUSTRIES INC
NANO,NANOMETRICS INC
NSTG,NANOSTRING TECH INC
NSSC,NAPCO SEC TECHNOLOGIES
NDAQ,NASDAQ INC
NTRA,NATERA INC
NATH,NATHANS FAMOUS INC
NBHC,NATIONAL BANK HOLDINGS
NKSH,NATIONAL BANKSHARES INC
FIZZ,NATIONAL BEVERAGE CORP
NCMI,NATIONAL CINEMEDIA INC
NESR,NATIONAL ENERGY SERVICES
NFG,NATIONAL FUEL GAS CO
NGHC,NATIONAL GEN HLDGS CORP
NHI,NATIONAL HEALTH INVS INC
NHC,NATIONAL HEALTHCARE CORP
NATI,NATIONAL INSTRS CORP
NOV,NATIONAL OILWELL VARCO
NPK,NATIONAL PRESTO INDS INC
NRC,NATIONAL RESEARCH CORP
NNN,NATIONAL RETAIL PPTYS
NSA,NATIONAL STORAGE AFFIL
EYE,NATIONAL VISION HOLDINGS
NWLI,NATIONAL WESTERN LIFE
NGS,NATURAL GAS SERVICES GRP
NGVC,NATURAL GROCERS VITA CTG
NATR,NATURES SUNSHINE PRODS
BABY,NATUS MEDICAL INC
NAVI,NAVIENT CORPORATION
NCI,NAVIGANT CONSULTING INC
NAV,NAVISTAR INTL CORP
LASR,NLIGHT
NMIH,NMI HLDGS INC
NNBR,NN INC
NE,NOBLE CORPORATION PLC
NBL,NOBLE ENERGY INC
NDLS,NOODLES & COMPANY
NAT,NORDIC AMERICAN TANKER
NDSN,NORDSON CORP
JWN,NORDSTROM INC
NSC,NORFOLK SOUTHERN CORP
NBN,NORTHEAST BANK
NOG,NORTHERN OIL & GAS INC
NTRS,NORTHERN TRUST CORP
NFBK,NORTHFIELD BANCORP INC
NRIM,NORTHRIM BANCORP INC
NOC,NORTHROP GRUMMAN CORP
NRE,NORTHSTAR REALTY EUROPE
NWBI,NORTHWEST BANCSHARES INC
NWN,NORTHWEST NATURAL HLDG
NWPX,NORTHWEST PIPE CO
NWE,NORTHWESTERN CORP
NCLH,NORWEGIAN CRUISE LINE
NWFL,NORWOOD FINANCIAL CORP
NG,NOVAGOLD RESOURCES INC
NOVT,NOVANTA INC
NVAX,NOVAVAX INC
NVCR,NOVOCURE LTD
DNOW,NOW INC
NRCG,NRC GROUP HOLDINGS CORP
NRG,NRG ENERGY INC
NUS,NU SKIN ENTERPRISES
NUAN,NUANCE COMMUNICATIONS
NUE,NUCOR CORP
NTNX,NUTANIX INC
NUVA,NUVASIVE INC
NVEE,NV5 GLOBAL INC
NVEC,NVE CORP
NVT,NVENT ELECTRIC PLC
NVDA,NVIDIA CORP
NVR,NVR INC
ORLY,O REILLY AUTOMOTIVE INC
OVLY,OAK VALLEY BANCORP
OAS,OASIS PETE INC
OXY,OCCIDENTAL PETE CORP
OII,OCEANEERING INTL INC
OCFC,OCEANFIRST FINANCIAL
OZM,OCH-ZIFF CAPITAL MGMT
OCUL,OCULAR THERAPEUTIX INC
OCN,OCWEN FINANCIAL CORP
OFIX,ORTHOFIX MEDICAL INC
KIDS,ORTHOPEDIATRICS CORP
OSK,OSHKOSH CORP
OSIS,OSI SYSTEMS INC
OSMT,OSMOTICA PHARMACEUTICALS
OTTR,OTTER TAIL CORP
OUT,OUTFRONT MEDIA INC
OSG,OVERSEAS SHIPHOLDING INC
OSTK,OVERSTOCK COM INC
OMI,OWENS & MINOR INC
OC,OWENS CORNING
OI,OWENS ILLINOIS INC
OXM,OXFORD INDUSTRIES INC
PTSI,P A M TRANSN SVCS INC
CNXN,P C CONNECTION
PCAR,PACCAR INC
PACB,PACIFIC BIOSCIENCES CA
PCB,PACIFIC CITY FINANCIAL
PACD,PACIFIC DRILLING LTD
PMBC,PACIFIC MERCANTILE BANCO
PPBI,PACIFIC PREMIER BANCORP
PCRX,PACIRA BIOSCIENCES
PKG,PACKAGING CORP OF AMER
PACW,PACWEST BANCORP
PD,PAGERDUTY
PTN,PALATIN TECHNOLOGIES INC
PANW,PALO ALTO NETWORKS INC
PLMR,PALOMAR HOLDINGS
PHX,PANHANDLE OIL AND GAS
PZZA,PAPA JOHNS INTERNATIONAL
PARR,PAR PACIFIC HOLDINGS INC
PAR,PAR TECHNOLOGY CORP
PGRE,PARAMOUNT GROUP INC
PRTK,PARATEK PHARMACEUTICALS
TEUM,PARETEUM
PKE,PARK ELECTROCHEMICAL
PK,PARK HOTELS & RESORTS
PRK,PARK NATIONAL CORP
PKOH,PARK OHIO HOLDINGS CORP
PKBK,PARKE BANCORP INC
PKD,PARKER DRILLING ORD
PH,PARKER HANNIFIN CORP
PE,PARSLEY ENERGY INC
PSN,PARSONS
PRTY,PARTY CITY HOLDCO INC
PATK,PATRICK INDS INC
PEGI,PATTERN ENERGY GROUP INC
PDCO,PATTERSON COS INC
PTEN,PATTERSON UTI ENERGY
PHUN,PHUNWARE INC
DOC,PHYSICIANS REALTY TRUST
PICO,PICO HOLDINGS INC
PDM,PIEDMONT OFFICE RLTY TR
PIRS,PIERIS PHARMACEUTICALS
PPC,PILGRIMS PRIDE CORP
PNFP,PINNACLE FINANCIAL
PNW,PINNACLE WEST CAPITAL CO
PXD,PIONEER NAT RESOURCES CO
PJC,PIPER JAFFRAY COMPANIES
PBI,PITNEY BOWES INC
PJT,PJT PARTNERS INC
PLNT,PLANET FITNESS INC
PLT,PLANTRONICS INC
AGS,PLAYAGS INC
PLXS,PLEXUS CORP
PLUG,PLUG POWER INC
PS,PLURALSIGHT INC
PNC,PNC FINANCIAL SVCS GROUP
PNM,PNM RESOURCES INC
PII,POLARIS INDUSTRIES INC
PTE,POLARITYTE INC
POL,POLYONE CORP
POOL,POOL CORP
BPOP,POPULAR INC
POR,PORTLAND GEN ELEC CO
PTLA,PORTOLA PHARMACEUTICALS
POST,POST HOLDINGS INC
PBPB,POTBELLY CORPORATION
PCH,POTLATCHDELTIC CORP
POWL,POWELL INDUSTRIES INC
POWI,POWER INTEGRATIONS INC
PPG,PPG INDUSTRIES INC
PPL,PPL CORP
PQG,PQ GROUP HOLDINGS INC
PRAA,PRA GROUP INC
PRAH,PRA HEALTH SCIENCES INC
DTIL,PRECISION BIOSCIENCES
APTS,PREFERRED APT CMNTYS INC
PFBC,PREFERRED BANK
PLPC,PREFORMED LINE PRODUCTS
PFBI,PREMIER FINL BANCORP INC
PINC,PREMIER INC
PSDO,PRESIDIO INC
PBH,PRESTIGE CONSUMER HEALTH
PRGX,PRGX GLOBAL INC
TROW,PRICE T ROWE GROUP INC
PSMT,PRICESMART INC
PNRG,PRIMEENERGY RESOURCES
QCOM,QUALCOMM INC
QLYS,QUALYS INC
NX,QUANEX BUILDING PRODUCTS
PWR,QUANTA SERVICES INC
QTRX,QUANTERIX CORPORATION
DGX,QUEST DIAGNOSTICS INC
QDEL,QUIDEL CORP
QNST,QUINSTREET INC
QUOT,QUOTIENT TECHNOLOGY INC
QRTEA,QURATE RETAIL INC
RCM,R1 RCM INC
RARX,RA PHARMACEUTICALS INC
RDN,RADIAN GROUP INC
RLGT,RADIANT LOGISTICS INC
RDUS,RADIUS HEALTH INC
RDNT,RADNET INC
RFL,RAFAEL HOLDINGS
RL,RALPH LAUREN CORP
METC,RAMACO RESOURCES INC
RMBS,RAMBUS INC
RRC,RANGE RESOURCES CORP
RPD,RAPID7 INC
RAVN,RAVEN INDUSTRIES INC
RJF,RAYMOND JAMES FINANCIAL
RYAM,RAYONIER ADV MATERIALS
RYN,RAYONIER INC
RTN,RAYTHEON CO
RBB,RBB BANCORP
ROLL,RBC BEARINGS INC
RICK,RCI HOSPITALITY HLDGS
RMAX,RE/MAX HOLDINGS INC
RDI,READING INTERNATIONAL
RC,READY CAPITAL CORP
RLGY,REALOGY HOLDINGS CORP
RP,REALPAGE INC
O,REALTY INCOME CORP
RETA,REATE PHARMACEUTICALS
REPH,RECRO PHARMA INC
RHT,RED HAT INC
RLH,RED LION HOTELS CORP
RRBI,RED RIVER BANCSHARES
RRGB,RED ROBIN GOURMET BURGER
RRR,RED ROCKS RESORTS INC
RDFN,REDFIN CORP
RWT,REDWOOD TRUST INC
RBC,REGAL BELOIT CORP
REG,REGENCY CENTERS CORP
REGN,REGENERON PHARMACEUTICAL
RGNX,REGENXBIO INC
RCKY,ROCKY BRANDS INC
ROG,ROGERS CORP
ROKU,ROKU INC
ROL,ROLLINS INC
ROP,ROPER TECHNOLOGIES INC
ROSE,ROSEHILL RESOURCES INC
RST,ROSETTA STONE INC
ROST,ROSS STORES INC
RCL,ROYAL CARIBBEAN CRUISES
RGLD,ROYAL GOLD INC
RES,RPC INC
RPM,RPM INTERNATIONAL INC
RPT,RPT REALTY
RTIX,RTI SURGICAL HOLDINGS
RTW,RTW RETAILWINDS INC
RUBI,RUBICON PROJ INC
RUBY,RUBIUS THERAPEUTICS
RTEC,RUDOLPH TECHNOLOGIES INC
RUSHA,RUSH ENTERPRISES INC
RUSHB,RUSH ENTERPRISES INC
RUTH,RUTH'S HOSPITALITY GROUP
R,RYDER SYSTEM INC
RYI,RYERSON HOLDING CORP
RHP,RYMAN HOSPITALITY PPTYS
STBA,S & T BANCORP INC
SPGI,S&P GLOBAL INC
SBRA,SABRA HEALTH CARE REIT
SABR,SABRE CORP
SB,SAFE BULKERS INC
SFE,SAFEGUARD SCIENTIFICS
SAFE,SAFEHOLD INC
SAFT,SAFETY INSURANCE GRP INC
SGA,SAGA COMMUNICATIONS INC
SAGE,SAGE THERAPEUTICS INC
SAIA,SAIA INC
SAIL,SAILPOINT TECHNOLOGIES
CRM,SALESFORCE COM INC
SBH,SALLY BEAUTY HOLDINGS
SAFM,SANDERSON FARMS INC
SD,SANDRIDGE ENERGY INC
SASR,SANDY SPRING BANCORP
JBSS,SANFILIPPO JOHN B & SON
SGMO,SANGAMO THERAPEUTICS INC
SANM,SANMINA CORPORATION
SC,SANTANDER CNSMR USA HLDG
SRPT,SAREPTA THERAPEUTICS INC
BFS,SAUL CENTERS INC
SVRA,SAVARA INC
SBBX,SB ONE BANCORP
SHW,SHERWIN WILLIAMS CO
SFL,SHIP FINANCE INTL
SWAV,SHOCKWAVE MEDICAL
SCVL,SHOE CARNIVAL INC
SHBI,SHORE BANCSHARES INC
SSTI,SHOTSPOTTER
SFLY,SHUTTERFLY INC
SSTK,SHUTTERSTOCK INC
SIBN,SI-BONE
SIEB,SIEBERT FINANCIAL CORP
SIEN,SIENTRA INC
BSRR,SIERRA BANCORP
SIGA,SIGA TECHNOLOGIES INC
SBNY,SIGNATURE BANK
SIG,SIGNET JEWELERS LTD
SLGN,SILGAN HOLDINGS INC
SLAB,SILICON LABORATORIES INC
SILK,SILK ROAD MEDICAL
SBOW,SILVERBOW RESOURCES
SAMG,SILVERCREST ASSET MNGMT
SFNC,SIMMONS FIRST NATIONAL
SPG,SIMON PROPERTY GROUP INC
SMPL,SIMPLY GOOD FOODS
SSD,SIMPSON MANUFACTURING
SLP,SIMULATIONS PLUS INC
SBGI,SINCLAIR BROADCAST GROUP
SIRI,SIRIUS XM HOLDINGS INC
SITC,SITE CENTERS CORPORATION
SITE,SITEONE LANDSCAPE SUPPLY
SIX,SIX FLAGS ENTMT CORP
SJW,SJW GROUP
SKX,SKECHERS USA INC
SKY,SKYLINE CHAMPION CORP
SKYW,SKYWEST INC
SWKS,SKYWORKS SOLUTIONS INC
SLG,SL GREEN REALTY CORP
SNBR,SLEEP NUMBER CORPORATION
SLM,SLM CORP
SM,SM ENERGY CO
SGH,SMART GLOBAL HOLDINGS
SND,SMART SAND INC
SMBK,SMARTFINANCIAL INC
SMAR,SMARTSHEET
AOS,SMITH A O CORP
SJM,SMUCKER J M CO
SNA,SNAP ON INC
SOI,SOLARIS OILFIELD
SWI,SOLARWINDS
SLDB,SOLID BIOSCIENCES INC
STMP,STAMPS COM INC
SMP,STANDARD MOTOR PRODUCTS
SXI,STANDEX INTERNATIONAL
SWK,STANLEY BLACK & DECKER
SBUX,STARBUCKS CORP
SRT,STARTEK INC
STWD,STARWOOD PPTY TRUST INC
STFC,STATE AUTO FINANCIAL
STT,STATE STREET CORP
STLD,STEEL DYNAMICS INC
SCS,STEELCASE INC
STML,STEMLINE THERAPEUTICS
SCL,STEPAN CO
SRCL,STERICYCLE INC
STE,STERIS PLC
STL,STERLING BANCORP
SBT,STERLING BANCORP INC
STRL,STERLING CONSTRUCTION CO
STC,STEWART INFORMATION
SF,STIFEL FINANCIAL CORP
SFIX,STITCH FIX CLASS A
SYBT,STOCK YARDS BANCORP INC
SRI,STONERIDGE INC
STOR,STORE CAPITAL CORP
SSYS,STRATASYS LTD
STRA,STRATEGIC EDUCATION INC
STRS,STRATUS PPTYS INC
SBBP,STRONGBRIDGE BIOPHARMA
SYK,STRYKER CORP
RGR,STURM RUGER & CO INC
SMMF,SUMMIT FINANCIAL GROUP
INN,SUMMIT HOTEL PPTYS
SUM,SUMMIT MATLS INC
SUI,SUN COMMUNITIES INC
SXC,SUNCOKE ENERGY INC
SPWR,SUNPOWER CORP
RUN,SUNRUN INC
SHO,SUNSTONE HOTEL INVS INC
STI,SUNTRUST BANKS INC
SPN,SUPERIOR ENERGY SERVICES
SGC,SUPERIOR GROUP OF CO
SUPN,SUPERNUS PHARMACEUTICALS
SGRY,SURGERY PARTNERS INC
SRDX,SURMODICS INC
STRO,SUTRO BIOPHARMA
SIVB,SVB FINANCIAL GROUP
SVMK,SVMK
SWCH,SWITCH INC
SYKE,SYKES ENTERPRISES INC
THC,TENET HEALTHCARE CORP
TNC,TENNANT CO
TEN,TENNECO INC
TDC,TERADATA CORP
TER,TERADYNE INC
TEX,TEREX CORP
TERP,TERRAFORM POWER INC
TRNO,TERRENO REALTY CORP
TBNK,TERRITORIAL BANCORP INC
TSLA,TESLA INC
TESS,TESSCO TECHNOLOGIES INC
TTEK,TETRA TECH INC
TTI,TETRA TECHNOLOGIES INC
TCBI,TEXAS CAPITAL BANCSHARES
TXN,TEXAS INSTRUMENTS INC
TXRH,TEXAS ROADHOUSE INC
TGH,TEXTAINER GROUP HLDGS
TXT,TEXTRON INC
TFSL,TFS FINL CORP
TGTX,TG THERAPEUTICS INC
CC,THE CHEMOURS COMPANY
TCS,THE CONTAINER STORE GRP
JYNT,THE JOINT CORP
KHC,THE KRAFT HEINZ COMPANY
MEET,THE MEET GROUP
TTD,THE TRADE DESK INC
WEN,THE WENDY'S COMPANY
TXMD,THERAPEUTICSMD INC
TBPH,THERAVANCE BIOPHARMA INC
TMO,THERMO FISHER SCIENTIFIC
THR,THERMON GROUP HLDGS INC
TPRE,THIRD POINT REINSURANCE
THO,THOR INDUSTRIES INC
TDW,TIDEWATER INC
TIF,TIFFANY & CO
TTS,TILE SHOP HLDGS INC
TLYS,TILLYS INC
TSBK,TIMBERLAND BANCORP INC
TKR,TIMKEN CO
TMST,TIMKENSTEEL CORPORATION
TIPT,TIPTREE INC
TWI,TITAN INTERNATIONAL INC
TITN,TITAN MACHINERY INC
TVTY,TIVITY HEALTH INC
TIVO,TIVO CORPORATION
TJX,TJX COMPANIES INC
TOCA,TOCAGEN INC
TOL,TOLL BROTHERS INC
TMP,TOMPKINS FINANCIAL CORP
TUP,TUPPERWARE BRANDS CORP
TPB,TURNING POINT BRANDS INC
TPTX,TURNING PT THERAPEUTICS
TPC,TUTOR PERINI CORP
TWLO,TWILIO INC
TWIN,TWIN DISC INC
TRWH,TWIN RIVER WORLDWIDE
TWST,TWIST BIOSCIENCE
TWTR,TWITTER INC
TWO,TWO HBRS INVT CORP
TYL,TYLER TECHNOLOGIES INC
TYME,TYME
TSN,TYSON FOODS INC
USCR,U S CONCRETE INC
USPH,U S PHYSICAL THERAPY INC
SLCA,U S SILICA HLDGS INC
USWS,U.S. WELL SERVICES
UBER,UBER TECHNOLOGIES
UBNT,UBIQUITI NETWORKS INC
UDR,UDR INC
UFPT,UFP TECHNOLOGIES INC
UGI,UGI CORP
ULTA,ULTA BEAUTY INC
UCTT,ULTRA CLEAN HOLDINGS INC
RARE,ULTRAGENYX PHARMA
UMBF,UMB FINANCIAL CORP
UMH,UMH PROPERTIES INC
UMPQ,UMPQUA HOLDINGS CORP
UAA,UNDER ARMOUR CLASS A
UA,UNDER ARMOUR CLASS C
UFI,UNIFI INC
UNF,UNIFIRST CORP MASS
UNB,UNION BANKSHARES INC
UNP,UNION PACIFIC CORP
UIS,UNISYS CORP
UNT,UNIT CORP
UAL,UNITED AIRLINES HOLDINGS
UBSI,UNITED BANKSHARES INC
UCFC,UNITED CMNTY FINL CO
UCBI,UNITED COMMUNITY BANKS
UBNK,UNITED FINANCIAL BANCORP
UFCS,UNITED FIRE GROUP INC
UIHC,UNITED INS HLDGS CORP
UNFI,UNITED NATURAL FOODS INC
UPS,UNITED PARCEL SERVICE
URI,UNITED RENTALS INC
UBFO,UNITED SECURITY BANC
USM,UNITED STATES CELLULAR
USLM,UNITED STATES LIME & MIN
VECO,VEECO INSTRUMENTS INC
VEEV,VEEVA SYSTEMS INC
VTR,VENTAS INC
VRA,VERA BRADLEY INC
VCYT,VERACYTE INC
VER,VEREIT INC
VCEL,VERICEL CORP
VRNT,VERINT SYS INC
VRSN,VERISIGN INC
VRSK,VERISK ANALYTICS INC
VBTX,VERITEX HOLDINGS
VRTV,VERITIV CORPORATION
VZ,VERIZON COMMUNICATIONS
VRRM,VERRA MOBILITY CORP
VRCA,VERRICA PHARMACEUTICALS
VRS,VERSO CORPORATION
VSM,VERSUM MATERIALS
VRTX,VERTEX PHARMACEUTICALS
VIA,VIACOM INC CL A
VIAB,VIACOM INC CL B
VVI,VIAD CORP
VSAT,VIASAT INC
VIAV,VIAVI SOLUTIONS INC
VICI,VICI PROPERTIES INC
VICR,VICOR CORP
VRAY,VIEWRAY INC
VKTX,VIKING THERAPEUTICS INC
VLGEA,VILLAGE SUPER MARKET INC
VNCE,VINCE HOLDING CORP
VHC,VIRNETX HOLDING CORP
VIRT,VIRTU FINL INC
VRTS,VIRTUS INVESTMENT PTNRS
VRTU,VIRTUSA CORP
V,VISA INC
VSH,VISHAY INTERTECHNOLOGY
VPG,VISHAY PRECISION GROUP
VSTO,VISTA OUTDOOR INC
VC,VISTEON CORP
VST,VISTRA ENERGY CORP
VSLR,VIVINT SOLAR INC
VMW,VMWARE INC
VCRA,VOCERA COMMUNICATIONS
VG,VONAGE HLDGS CORP
VNO,VORNADO REALTY TRUST
VOYA,VOYA FINANCIAL INC
VYGR,VOYAGER THERAPEUTICS INC
VSEC,VSE CORP
VMC,VULCAN MATERIALS CO
WPC,W P CAREY INC
WEYS,WEYCO GROUP INC
WY,WEYERHAEUSER CO
WHR,WHIRLPOOL CORP
WTM,WHITE MTNS INS GROUP LTD
WSR,WHITESTONE REIT
WLL,WHITING PETROLEUM CORP
WOW,WIDEOPENWEST
JW.A,WILEY JOHN & SONS INC
WLDN,WILLDAN GROUP INC
WLH,WILLIAM LYON HOMES
WMB,WILLIAMS COMPANIES INC
WSM,WILLIAMS SONOMA INC
WLFC,WILLIS LEASE FINANCE
WLTW,WILLIS TOWERS WATSON PLC
WSC,WILLSCOT CORPORATION
WING,WINGSTOP INC
WINA,WINMARK CORP
WGO,WINNEBAGO INDUSTRIES INC
WTFC,WINTRUST FINANCIAL CORP
WETF,WISDOMTREE INVTS INC
WWW,WOLVERINE WORLD WIDE
WWD,WOODWARD INC
WDAY,WORKDAY INC
WK,WORKIVA INC
WRLD,WORLD ACCEPTANCE CORP
INT,WORLD FUEL SVCS CORP
WWE,WORLD WRESTLING ENTMNT
WP,WORLDPAY INC
WOR,WORTHINGTON INDUSTRIES
WPX,WPX ENERGY INC
WRTC,WRAP TECHNOLOGIES
WMGI,WRIGHT MEDICAL GROUP N V
WSFS,WSFS FINANCIAL CORP
WYND,WYNDHAM DESTINATIONS INC
WH,WYNDHAM HOTELS & RESORTS
WYNN,WYNN RESORTS LTD
XFOR,X4 PHARMACEUTICALS INC
XBIT,XBIOTECH INC
XEL,XCEL ENERGY INC
XNCR,XENCOR INC
XHR,XENIA HOTELS & RESORTS
XERS,XERIS PHARMACEUTICALS
XRX,XEROX CORP
XLNX,XILINX INC
XPER,XPERI CORPORATION
XPO,XPO LOGISTICS INC
XYL,XYLEM INC
YELP,YELP INC
YMAB,Y-MABS THERAPEUTICS
ADTN,ADTRAN INC
ADRO,ADURO BIOTECH INC
AAP,ADVANCE AUTO PARTS INC
ADSW,ADVANCED DISPOSAL SVCS
WMS,ADVANCED DRAINAGE SYSTEM
ADES,ADVANCED EMISSIONS SLTNS
AEIS,ADVANCED ENERGY INDS INC
AMD,ADVANCED MICRO DEVICES
ASIX,ADVANSIX
ADVM,ADVERUM BIOTECH INC
ACM,AECOM
AEGN,AEGION CORP
AGLE,AEGLEA BIOTHERAPEUTICS
AERI,AERIE PHARMACEUTICALS
HIVE,AEROHIVE NETWORKS INC
AJRD,AEROJET ROCKETDYNE HLDGS
AVAV,AEROVIRONMENT INC
AES,AES CORP
AMG,AFFILIATED MANAGERS GRP
AFMD,AFFIMED NV
AFL,AFLAC INC
MITT,AG MORTGAGE INVT TR INC
AGCO,AGCO CORP
AGEN,AGENUS INC
AGE,AGEX THERAPEUTICS INC
A,AGILENT TECHNOLOGIES INC
AGYS,AGILYSYS INC
AGIO,AGIOS PHARMACEUTICALS
AGNC,AGNC INVESTMENT
ADC,AGREE REALTY CORP
AIMT,AIMMUNE THERAPEUTICS INC
AL,AIR LEASE CORP
APD,AIR PRODS & CHEMS INC
ATSG,AIR TRANSPORT SERVICES
AYR,AIRCASTLE LTD
AIRG,AIRGAIN INC
AKS,AK STEEL HOLDING CORP
AKAM,AKAMAI TECHNOLOGIES
AKCA,AKCEA THERAPEUTICS
AKBA,AKEBIA THERAPEUTICS INC
AKRX,AKORN INC
AKTS,AKOUSTIS TECHNOLOGIES
ALG,ALAMO GROUP INC
ALRM,ALARM.COM HOLDINGS INC
ALK,ALASKA AIR GROUP INC
AIN,ALBANY INTERNATIONAL
ALB,ALBEMARLE CORP
ALBO,ALBIREO PHARMA INC
APEI,AMER PUBLIC EDUCATION
AMTB,AMERANT BANCORP INC (A)
UHAL,AMERCO
AEE,AMEREN CORP
AMRC,AMERESCO INC
AAL,AMERICAN AIRLINES GROUP
AAT,AMERICAN ASSETS TRST INC
AXL,AMERICAN AXLE & MFG
ACC,AMERICAN CAMPUS COMMUN
AEO,AMERICAN EAGLE OUTFITTER
AEP,AMERICAN ELECTRIC POWER
AEL,AMERICAN EQUITY INVST
AXP,AMERICAN EXPRESS CO
AFIN,AMERICAN FINANCE TRUST
AFG,AMERICAN FINANCIAL GROUP
AMH,AMERICAN HOMES 4 RENT
AIG,AMERICAN INTL GROUP
ANAT,AMERICAN NATIONAL INS CO
AMNB,AMERICAN NATL BANKSHARES
AOBC,AMERICAN OUTDOOR BRANDS
ARA,AMERICAN RENAL ASSOC HLD
ARL,AMERICAN RLTY INVS INC
AMSWA,AMERICAN SOFTWARE INC
AWR,AMERICAN STATES WATER CO
AMSC,AMERICAN SUPERCONDUCTOR
AMT,AMERICAN TOWER CORP
AVD,AMERICAN VANGUARD CORP
AMWD,AMERICAN WOODMARK CORP
AWK,AMERICAN WTR WKS CO INC
CRMT,AMERICAS CAR-MART INC
COLD,AMERICOLD REALTY TRUST
AMP,AMERIPRISE FINANCIAL INC
ABCB,AMERIS BANCORP
AMSF,AMERISAFE INC
ABC,AMERISOURCEBERGEN CORP
ATLO,AMES NATL CORP
AME,AMETEK INC
AMGN,AMGEN INC
FOLD,AMICUS THERAPEUTICS INC
AMKR,AMKOR TECHNOLOGY INC
AMN,AMN HEALTHCARE SERVICES
AMRX,AMNEAL PHARMACEUTICALS
AMPH,AMPHASTAR PHARMA INC
APH,AMPHENOL CORP
AMRS,AMYRIS INC
APC,ANADARKO PETROLEUM CORP
ADI,ANALOG DEVICES INC
PLAN,ANAPLAN
ANAB,ANAPTYS BIO INC
ARES,ARES MANAGEMENT CORP
AGX,ARGAN INC
ARGO,ARGO GROUP INTL
ANET,ARISTA NETWORKS INC
AI,ARLINGTON ASSET INVT
ARLO,ARLO TECHNOLOGIES INC
AHH,ARMADA HOFFLER PPTYS INC
ARR,ARMOUR RESIDENTIAL REIT
AFI,ARMSTRONG FLOORING INC
AWI,ARMSTRONG WORLD INDS INC
ARQL,ARQULE INC
ARRY,ARRAY BIOPHARMA INC
ARW,ARROW ELECTRONICS INC
AROW,ARROW FINANCIAL CORP
ARWR,ARROWHEAD PHARMACEUTICAL
ARTNA,ARTESIAN RESOURCES CORP
APAM,ARTISAN PARTNERS ASSET
ARVN,ARVINAS HOLDING
ABG,ASBURY AUTOMOTIVE GROUP
ASNA,ASCENA RETAIL GROUP INC
ASGN,ASGN INCORPORATED
AHT,ASHFORD HOSPITALITY
ASH,ASHLAND GLOBAL HOLDINGS
AZPN,ASPEN TECHNOLOGY INC
ASMB,ASSEMBLY BIOSCIENCES INC
ASRT,ASSERTIO THERAPEUTICS
ASB,ASSOCIATED BANC CORP
AC,ASSOCIATED CAPITAL GROUP
AIZ,ASSURANT INC
AGO,ASSURED GUARANTY LTD
ASTE,ASTEC INDUSTRIES INC
ATRO,ASTRONICS CORP
ALOT,ASTRONOVA INC
HOME,AT HOME GROUP INC
T,AT&T INC
ATRA,ATARA BIOTHERAPEUTICS
ATH,ATHENE HOLDING LTD
ATNX,ATHENEX
ATHX,ATHERSYS INC
ATKR,ATKORE INTL GROUP INC
ACBI,ATLANTIC CAPITAL INC
AT,ATLANTIC PWR CORP
AUB,ATLANTIC UNION BANKSHARE
AAWW,ATLAS AIR WORLDWIDE HLDG
TEAM,ATLASSIAN CORP PLC
ATO,ATMOS ENERGY CORP
ATNI,ATN INTERNATIONAL INC
ATRC,ATRICURE INC
ATRI,ATRION CORP
BK,BANK OF NEW YORK MELLON
NTB,BANK OF NT BUTTERFIELD
BPRN,BANK OF PRINCETON
OZK,BANK OZK
BSVN,BANK7 CORP
BFIN,BANKFINANCIAL CORP
BKU,BANKUNITED INC
BWFG,BANKWELL FINL GROUP INC
BANR,BANNER CORP
BHB,BAR HBR BANKSHARES
BNED,BARNES & NOBLE EDUCATION
BKS,BARNES & NOBLE INC
B,BARNES GROUP INC
BBSI,BARRETT BUSINESS SERVICE
BSET,BASSETT FURNITURE INDS
BAX,BAXTER INTERNATIONAL INC
BCML,BAYCOM CORPORATION
BBT,BB&T CORP
BBX,BBX CAPITAL CORP
BCBP,BCB BANCORP INC
BECN,BEACON ROOFING SUPPLY
BZH,BEAZER HOMES USA INC
BDX,BECTON DICKINSON & CO
BBBY,BED BATH & BEYOND INC
BELFB,BEL FUSE INC
BDC,BELDEN INC
BHE,BENCHMARK ELECTRONICS
BNFT,BENEFITFOCUS INC
WRB,BERKLEY W R CORP
BRK.B,BERKSHIRE HATHAWAY INC
BHLB,BERKSHIRE HILLS BANCORP
BERY,BERRY GLOBAL GROUP
BRY,BERRY PETROLEUM
BBY,BEST BUY INC
BYND,BEYOND MEAT
BYSI,BEYONDSPRING
BGSF,BG STAFFING INC
BGCP,BGC PARTNERS INC
BIG,BIG LOTS INC
BH,BIGLARI HOLDINGS B
BCRX,BIOCRYST PHARMACEUTICALS
BDSI,BIODELIVERY SCIENCES
BIIB,BIOGEN INC
BHVN,BIOHAVEN PHARMACEUTICAL
BLFS,BIOLIFE SOLUTIONS INC
BMRN,BIOMARIN PHARMACEUTICAL
BIO,BIO-RAD LABORATORIES INC
BIOS,BIOSCRIP INC
TECH,BIO-TECHNE CORP
BFAM,BRIGHT HORIZON FAMILY
BCOV,BRIGHTCOVE INC
BHF,BRIGHTHOUSE FINANCIAL
BSIG,BRIGHTSPHERE INVESTMENT
BV,BRIGHTVIEW HOLDINGS INC
EAT,BRINKER INTERNATIONAL
BCO,BRINKS CO
BMY,BRISTOL MYERS SQUIBB
BRX,BRIXMOR PROPERTY GROUP
AVGO,BROADCOM INC
BR,BROADRIDGE FINANCIAL INC
BKD,BROOKDALE SENIOR LIVING
BPR,BROOKFIELD PROPERTY REIT
BRKL,BROOKLINE BANCORP INC
BRKS,BROOKS AUTOMATION INC
BRO,BROWN & BROWN INC
BF.A,BROWN FORMAN CORP CL A
BF.B,BROWN FORMAN CORP CL B
BRT,BRT APARTMENTS CORP
BRKR,BRUKER CORP
BC,BRUNSWICK CORP
BMTC,BRYN MAWR BANK CORP
BKE,BUCKLE INC
BLDR,BUILDERS FIRSTSOURCE INC
BG,BUNGE LIMITED
BURL,BURLINGTON STORES INC
BFST,BUSINESS FIRST BANCSHARE
BWXT,BWX TECHNOLOGIES INC
BY,BYLINE BANCORP
CFFI,C & F FINANCIAL CORP
CHRW,C H ROBINSON WORLDWIDE
CJ,C&J ENERGY SERVICES INC
CABO,CABLE ONE INC
CBT,CABOT CORP
CCMP,CABOT MICROELECTRONICS
COG,CABOT OIL & GAS CORP
CACI,CACI INTERNATIONAL INC
WHD,CACTUS INC
CADE,CADENCE BANCORP
CDNS,CADENCE DESIGN SYSTEMS
CDZI,CADIZ INC
CZR,CAESARS ENTMT CORP
CSTE,CAESARSTONE LTD
CAI,CAI INTERNATIONAL INC
CALM,CAL MAINE FOODS INC
CAMP,CALAMP CORP
CVGW,CALAVO GROWERS INC
CAL,CALERES INC
CRC,CALIFORNIA RESOURCES
CASS,CASS INFORMATION SYSTEMS
CSLT,CASTLIGHT HEALTH INC
CTLT,CATALENT INC
CPRX,CATALYST PHARMACEUTICALS
CATS,CATASYS INC
CTT,CATCHMARK TIMBER TRUST
CAT,CATERPILLAR INC
CATY,CATHAY GENERAL BANCORP
CATO,CATO CORP
CVCO,CAVCO INDUSTRIES INC
YCBD,CBDMD INC
CBZ,CBIZ INC
CBL,CBL & ASSOC PPTYS INC
CBOE,CBOE GLOBAL MARKETS INC
CBRE,CBRE GROUP INC
CBS,CBS CORPORATION
CBTX,CBTX INC
CDK,CDK GLOBAL INC
CDW,CDW CORPORATION
CECE,CECO ENVIRONMENTAL CORP
CDR,CEDAR REALTY TRUST INC
CE,CELANESE CORP
CELC,CELCUITY
CELG,CELGENE CORP
CBMG,CELLULAR BIOMEDICINE GRP
CVM,CEL-SCI CORP
CELH,CELSIUS HOLDINGS INC
CNC,CENTENE CORP
CDEV,CENTENNIAL RESOURCE DEV
CNP,CENTERPOINT ENERGY INC
CSFL,CENTERSTATE BANK CORP
CETV,CENTRAL EUROPEAN MEDIA
CENT,CENTRAL GARDEN & PET CO
CENTA,CENTRAL GARDEN & PET CO
CPF,CENTRAL PACIFIC FINL
CVCY,CENTRAL VALLEY CMNTY
CTRC,CENTRIC BRANDS INC
CENX,CENTURY ALUMINUM CO
CNBKA,CENTURY BANCORP INC
CNTY,CENTURY CASINOS INC
CCS,CENTURY COMMUNITIES INC
CTL,CENTURYLINK INC
CERC,CERECOR INC
CDAY,CERIDIAN HCM HOLDING
CERN,CERNER CORP
CERS,CERUS CORP
CEVA,CEVA INC
CF,CF INDUSTRIES HOLDINGS
ECOM,CHANNELADVISOR CORP
CZNC,CITIZENS & NORTHERN CORP
CFG,CITIZENS FINANCIAL INC
CIA,CITIZENS INC
CTXS,CITRIX SYSTEMS INC
CHCO,CITY HOLDING CO
CIO,CITY OFFICE REIT INC
CIVB,CIVISTA BANCSHARES INC
CLAR,CLARUS CORPORATION
CLNE,CLEAN ENERGY FUELS CORP
CLH,CLEAN HARBORS INC
CCO,CLEAR CHANNEL OUTDOOR
CLFD,CLEARFIELD INC
CLW,CLEARWATER PAPER CORP
CWEN.A,CLEARWAY ENERGY
CWEN,CLEARWAY ENERGY (C)
CLF,CLEVELAND-CLIFFS INC
CLPR,CLIPPER REALTY INC
CLX,CLOROX CO
CLDR,CLOUDERA INC
CLVS,CLOVIS ONCOLOGY INC
CME,CME GROUP INC
CMS,CMS ENERGY CORP
CNA,CNA FINANCIAL CORP
CCNE,CNB FINL CORP PA
CNO,CNO FINANCIAL GROUP
CNX,CNX RESOURCES CORP
CCB,COASTAL FINANCIAL CORP
KO,COCA COLA CO
COKE,COCA-COLA CONSOLIDATED
CODA,CODA OCTOPUS GROUP INC
CDXS,CODEXIS INC
CVLY,CODORUS VY BANCORP INC
CDE,COEUR MINING INC
CCOI,COGENT COMM HOLDINGS
CGNX,COGNEX CORP
CTSH,COGNIZANT TECH SOLUTIONS
CNS,COHEN & STEERS INC
COHR,COHERENT INC
CHRS,COHERUS BIOSCIENCES
COHU,COHU INC
CFX,COLFAX CORP
CL,COLGATE PALMOLIVE CO
CLCT,COLLECTORS UNIVERSE INC
COLL,COLLEGIUM PHARMACEUTICAL
CBAN,COLONY BANKCORP INC
CLNY,COLONY CAPITAL INC
CLNC,COLONY CR RE INC (A)
COLB,COLUMBIA BKG SYSTEM INC
CLBK,COLUMBIA FINANCIAL INC
CPA,COPA HOLDINGS SA
CPRT,COPART INC
CRBP,CORBUS PHARMACEUTICALS
CORT,CORCEPT THERAPEUTICS INC
CORE,CORE MARK HOLDING CO INC
CXW,CORECIVIC INC
CLGX,CORELOGIC INC
CORR,CORENERGY INFRASTRUCT
CPLG,COREPOINT LODGINGS INC
COR,CORESITE REALTY CORP
CVRS,CORINDUS VASC ROBOTICS
CRMD,CORMEDIX INC
CNR,CORNERSTONE BUILDING
CSOD,CORNERSTONE ONDEMAND INC
GLW,CORNING INC
OFC,CORPORATE OFFICE PPTYS
CTVA,CORTEVA
CRTX,CORTEXYME
CRVL,CORVEL CORP
CMRE,COSTAMARE INC
CSGP,COSTAR GROUP INC
COST,COSTCO WHOLESALE CORP
COTY,COTY INC
COUP,COUPA SOFTWARE INC
CUZ,COUSINS PROPERTIES INC
CVA,COVANTA HOLDING CORP
CVTI,COVENANT TRANS GRP INC
CVET,COVETRUS INC
CVIA,COVIA HOLDINGS CORP
COWN,COWEN INC
CRAI,CRA INTERNATIONAL INC
CBRL,CRACKER BARREL STORE
BREW,CRAFT BREW ALLIANCE
CR,CRANE CO
CRD.A,CRAWFORD & CO CL A
CRAY,CRAY INC
CACC,CREDIT ACCEP CORP MICH
CREE,CREE INC
CRNX,CRINETICS PHARMACEUTICAL
CROX,CROCS INC
CCRN,CROSS COUNTRY HEALTHCARE
CCI,CROWN CASTLE INTL CORP
CCK,CROWN HOLDINGS INC
CRY,CRYOLIFE INC
CYRX,CRYOPORT INC
CSGS,CSG SYSTEMS INTL INC
CSWI,CSW INDUSTRIALS INC
CSX,CSX CORP
CTS,CTS CORP
DBI,DESIGNER BRANDS INC
DVN,DEVON ENERGY CORP
DXCM,DEXCOM INC
DHX,DHI GROUP INC
DHT,DHT HOLDINGS INC
DHIL,DIAMOND HILL INVESTMENT
DO,DIAMOND OFFSHR DRILLING
DSSI,DIAMOND S SHIPPING
FANG,DIAMONDBACK ENERGY INC
DRH,DIAMONDROCK HOSPITALITY
DRNA,DICERNA PHARMACEUTICALS
DKS,DICKS SPORTING GOODS INC
DBD,DIEBOLD NIXDORF
DGII,DIGI INTL INC
DMRC,DIGIMARC CORPORATION
DLR,DIGITAL REALTY TRUST INC
APPS,DIGITAL TURBINE INC
DDS,DILLARDS INC
DCOM,DIME CMNTY BANCSHARES
DIN,DINE BRANDS GLOBAL INC
DIOD,DIODES INC
DPLO,DIPLOMAT PHARMACY INC
DFS,DISCOVER FINANCIAL SRVC
DISCA,DISCOVERY INC SERIES A
DISCK,DISCOVERY INC SERIES C
DISH,DISH NETWORK CORP
DIS,DISNEY WALT CO
BOOM,DMC GLOBAL INC
DNBF,DNB FINL CORP
DOCU,DOCUSIGN
DLB,DOLBY LABORATORIES INC
DG,DOLLAR GENERAL CORP
DLTR,DOLLAR TREE INC
D,DOMINION ENERGY INC
DPZ,DOMINOS PIZZA INC
DOMO,DOMO INC
UFS,DOMTAR CORPORATION
DCI,DONALDSON INC
DGICA,DONEGAL GROUP INC
DFIN,DONNELLEY FINANCIAL
RRD,DONNELLEY R R & SONS CO
LPG,DORIAN LPG LTD
DORM,DORMAN PRODUCTS INC
PLOW,DOUGLAS DYNAMICS INC
DEI,DOUGLAS EMMETT INC
DOVA,DOVA PHARMACEUTICALS
DOV,DOVER CORP
DOW,DOW INC
DRQ,DRIL-QUIP INC
ESI,ELEMENT SOLUTIONS INC.
ELVT,ELEVATE CREDIT INC
ELF,ELF BEAUTY INC
EFC,ELLINGTON FINANCIAL
ELOX,ELOXX PHARMACEUTICALS
EMCI,EMC INS GROUP INC
EME,EMCOR GROUP INC
EEX,EMERALD EXPOSITIONS
EBS,EMERGENT BIOSOLUTIONS
EMR,EMERSON ELECTRIC CO
NYNY,EMPIRE RESORTS INC
ESRT,EMPIRE STATE REALTY
EIG,EMPLOYERS HOLDINGS INC
ENTA,ENANTA PHARMACEUTICALS
EHC,ENCOMPASS HEALTH CORP
ECPG,ENCORE CAPITAL GROUP INC
WIRE,ENCORE WIRE CORP
ENDP,ENDO INTERNATIONAL PLC
EIGI,ENDURANCE INTERNATIONAL
ENR,ENERGIZER HOLDINGS INC
WATT,ENERGOUS CORP
UUUU,ENERGY FUELS INC
ERII,ENERGY RECOVERY INC
ENS,ENERSYS INC
EBF,ENNIS INC
ENOB,ENOCHIAN BIOSCIENCES
ENVA,ENOVA INTERNATIONAL INC
ENPH,ENPHASE ENERGY INC
NPO,ENPRO INDUSTRIES INC
ENSG,ENSIGN GROUP INC
ESGR,ENSTAR GROUP LIMITED
ENFC,ENTEGRA FINANCIAL CORP
ENTG,ENTEGRIS INC
ETM,ENTERCOM COMMUNICATIONS
ETR,ENTERGY CORP
EBTC,ENTERPRISE BANCORP INC
EFSC,ENTERPRISE FINL SERVICES
EVC,ENTRAVISION COMM
ENV,ENVESTNET INC
ENZ,ENZO BIOCHEM INC
EOG,EOG RESOURCES INC
EPAM,EPAM SYSTEMS INC
EPZM,EPIZYME INC
PLUS,EPLUS INC
EPR,EPR PROPERTIES
EQT,EQT CORPORATION
EFX,EQUIFAX INC
EQIX,EQUINIX INC
ETRN,EQUITRANS MIDSTREAM CORP
EXTN,EXTERRAN CORPORATION
EXR,EXTRA SPACE STORAGE INC
XOG,EXTRACTION OIL & GAS INC
EXTR,EXTREME NETWORKS INC
XOM,EXXON MOBIL CORP
EYPT,EYEPOINT PHARMACEUTICALS
EZPW,EZCORP INC
FFIV,F5 NETWORKS INC
FN,FABRINET
FB,FACEBOOK INC
FDS,FACTSET RESEARCH SYSTEMS
FICO,FAIR ISAAC CORP
FLMN,FALCON MINERALS CORP (A)
FARM,FARMER BROS CO
FMAO,FARMERS & MERCHANTS BNCP
FMNB,FARMERS NATL BANC CORP
FPI,FARMLAND PARTNERS INC
FARO,FARO TECHNOLOGIES INC
FAST,FASTENAL CO
FATE,FATE THERAPEUTICS INC
FBK,FB FINANCIAL CORP
FFG,FBL FINANCIAL GROUP INC
AGM,FEDERAL AGRIC MTG CO
FRT,FEDERAL REALTY INVT
FSS,FEDERAL SIGNAL CORP
FII,FEDERATED INVESTORS INC
FDX,FEDEX CORP
FNHC,FEDNAT HOLDING COMPANY
FOE,FERRO CORP
FG,FGL HOLDINGS
FGEN,FIBROGEN INC
FDBC,FIDELITY D&D BANCORP INC
FIS,FIDELITY NATL INFO SVCS
LION,FIDELITY SOUTHERN CORP
FRGI,FIESTA RESTAURANT GROUP
FITB,FIFTH THIRD BANCORP
FISI,FINANCIAL INSTNS INC
FNSR,FINISAR CORP
FEYE,FIREEYE INC
FAF,FIRST AMERICAN FINL CORP
FNLC,FIRST BANCORP INC
FBNC,FIRST BANCORP NC
FBP,FIRST BANCORP PR
FBMS,FIRST BANCSHARES INC MS
FRBA,FIRST BANK WILLIAMSTOWN
BUSE,FIRST BUSEY CORP
FBIZ,FIRST BUSINESS FINL SVCS
FCAP,FIRST CAPITAL INC
FCBP,FIRST CHOICE BANCORP
F,FORD MOTOR CO
FSCT,FORESCOUT TECHNOLOGIES
FOR,FORESTAR GROUP INC
FORM,FORMFACTOR INC
FORR,FORRESTER RESEARCH INC
FRTA,FORTERRA INC
FTNT,FORTINET INC
FTV,FORTIVE CORPORATION
FBHS,FORTUNE BRDS HOME & SEC
FTSV,FORTY SEVEN INC
FET,FORUM ENERGY TECH
FWRD,FORWARD AIR CORP
FOSL,FOSSIL GROUP INC
FSTR,FOSTER L B CO
FBM,FOUNDATION BLDG MATERIAL
FCPT,FOUR CORNERS PPTY TRUST
FOXA,FOX CORPORATION CLASS A
FOX,FOX CORPORATION CLASS B
FOXF,FOX FACTORY HOLDING CORP
FC,FRANKLIN COVEY CO
FELE,FRANKLIN ELECTRIC CO
FSB,FRANKLIN FINANCIAL NTWK
FRAF,FRANKLIN FINANCIAL SERV
BEN,FRANKLIN RESOURCES INC
FSP,FRANKLIN STREET PPTYS CO
FI,FRANK'S INTERNATIONAL
FCX,FREEPORT-MCMORAN INC
FDP,FRESH DEL MONTE PRODUCE
FRPT,FRESHPET INC
RESI,FRONT YARD RESIDENTIAL
FTDR,FRONTDOOR INC
FTR,FRONTIER COMMUNICATIONS
FRPH,FRP HOLDINGS INC
FSBW,FS BANCORP INC
FCN,FTI CONSULTING INC
FTSI,FTS INTERNATIONAL INC
FULT,FULTON FINANCIAL CORP
FNKO,FUNKO CLASS A
FF,FUTUREFUEL CORPORATION
FVCB,FVCBANKCORP INC
GTHX,G1 THERAPEUTICS
GAIA,GAIA INC
GCAP,GAIN CAPITAL HLDNGS INC
GALT,GALECTIN THERAPEUTICS
AJG,GALLAGHER ARTHUR J & CO
GBL,GAMCO INVESTORS INC
GME,GAMESTOP CORP
GLPI,GAMING AND LEISURE PPTYS
GIII,G-III APPAREL GROUP LTD
GLUU,GLU MOBILE INC
GLYC,GLYCOMIMETICS INC
GMS,GMS INC
GNC,GNC HLDGS INC
GDDY,GODADDY INC
GOGO,GOGO INC
GLNG,GOLAR LNG LTD BERMUDA
GORO,GOLD RESOURCE CORP
GDEN,GOLDEN ENTERTAINMENT INC
GS,GOLDMAN SACHS GROUP INC
GDP,GOODRICH PETROLEUM CORP
GT,GOODYEAR TIRE & RUBBER
GSHD,GOOSEHEAD INSURANCE
GPRO,GOPRO INC
GRC,GORMAN RUPP CO
GOSS,GOSSAMER BIO
GPX,GP STRATEGIES CORP
GRA,GRACE W R & CO
GGG,GRACO INC
EAF,GRAFTECH INTERNATIONAL
GHM,GRAHAM CORP
GHC,GRAHAM HOLDINGS COMPANY
GWW,GRAINGER WW INC
LOPE,GRAND CANYON EDUCATION
GVA,GRANITE CONSTR INC
GPMT,GRANITE POINT MORTGAGE
GPK,GRAPHIC PACKAGING HLDG
GTN,GRAY TELEVISION INC
AJX,GREAT AJAX CORP
GLDD,GREAT LAKES DREDGE & DOC
GSBC,GREAT SOUTHERN BANCORP
GWB,GREAT WESTERN BANCORP
GRBK,GREEN BRICK PARTNERS INC
GDOT,GREEN DOT CORP
GPRE,GREEN PLAINS INC
GBX,GREENBRIER COMPANIES INC
GCBC,GREENE COUNTY BANCORP
GHL,GREENHILL & CO INC
GNLN,GREENLANE HOLDINGS
GLRE,GREENLIGHT CAPITAL RE LT
GEF,GREIF INC
GEF.B,GREIF INC
GRIF,GRIFFIN INDUSTRIAL RLTY
GFF,GRIFFON CORP
GRTS,GRITSTONE ONCOLOGY
GPI,GROUP 1 AUTOMOTIVE INC
GRPN,GROUPON INC
GRUB,GRUBHUB INC
GSIT,GSI TECHNOLOGY
HTLD,HEARTLAND EXPRESS INC
HTLF,HEARTLAND FINANCIAL USA
HL,HECLA MINING CO
HEI.A,HEICO CORP CL A
HEI,HEICO CORP COMMON
HSII,HEIDRICK & STRUGGLES
HELE,HELEN OF TROY LTD
HLIO,HELIOS TECHNOLOGIES INC
HLX,HELIX ENERGY SOLUTIONS
HP,HELMERICH & PAYNE INC
HMTV,HEMISPHERE MEDIA GROUP
JKHY,HENRY JACK & ASSOCIATES
HLF,HERBALIFE NUTRITION LTD
HRI,HERC HOLDING INC
HTBK,HERITAGE COMMERCE CORP
HCCI,HERITAGE CRYL CLEAN INC
HFWA,HERITAGE FINANCIAL CORP
HRTG,HERITAGE INS HLDGS INC
MLHR,HERMAN MILLER INC
HRTX,HERON THERAPEUTICS INC
HT,HERSHA HOSPITALITY TRUST
HSY,HERSHEY COMPANY
HTZ,HERTZ GLOBAL HOLDINGS
HSKA,HESKA CORP
HES,HESS CORP
HPE,HEWLETT PACKARD ENT
HXL,HEXCEL CORP
HFFG,HF FOODS GROUP INC
HF,HFF INC
HIBB,HIBBETT SPORTS INC
HPR,HIGH POINT RESOURCES
HIW,HIGHWOODS PROPERTIES INC
HI,HILLENBRAND INC
HRC,HILL-ROM HOLDINGS INC
HTH,HILLTOP HOLDINGS INC
HGV,HILTON GRAND VACATIONS
HLT,HILTON WORLDWIDE HOLDING
HIFS,HINGHAM INSTN SVGS MASS
HMSY,HMS HOLDINGS CORP
HNI,HNI CORPORATION
HFC,HOLLYFRONTIER CORP
HOLX,HOLOGIC INC
HBCP,HOME BANCORP INC
HOMB,HOME BANCSHARES INC
HD,HOME DEPOT INC
HMST,HOMESTREET INC
HTBI,HOMETRUST BANCSHARES INC
FIXX,HOMOLOGY MEDICINES
HON,HONEYWELL INTERNATIONAL
PI,IMPINJ INC
INCY,INCYTE CORP
ICD,IND CONTRACT DRILLING
IHC,INDEPENDENCE HOLDING CO
IRT,INDEPENDENCE RLTY TRUST
IBCP,INDEPENDENT BANK CORP
INDB,INDEPENDENT BANK MA
IBTX,INDEPENDENT BK GROUP INC
ILPT,INDUSTRIAL LOGISTICS
INFN,INFINERA CORP
III,INFORMATION SERVICES GRP
IR,INGERSOLL-RAND PLC
NGVT,INGEVITY CORPORATION
IMKTA,INGLES MARKETS INC
INGR,INGREDION INC
INWK,INNERWORKINGS INC
IPHS,INNOPHOS HOLDINGS INC
IOSP,INNOSPEC INC
IIPR,INNOVATIVE INDUSTRIAL
INVA,INNOVIVA INC
INGN,INOGEN INC
INOV,INOVALON HOLDINGS INC
INO,INOVIO PHARMACEUTICALS
IPHI,INPHI CORP
INSG,INSEEGO CORP
NSIT,INSIGHT ENTERPRISES INC
INSM,INSMED INC
NSP,INSPERITY INC
INSP,INSPIRE MEDICAL SYSTEMS
INSE,INSPIRED ENTERTAINMENT
IBP,INSTALLED BLDNG PRODUCTS
IIIN,INSTEEL INDUSTRIES INC
INST,INSTRUCTURE INC
PODD,INSULET CORP
ITGR,INTEGER HOLDINGS CORP
IART,INTEGRA LIFESCIENCES
INTC,INTEL CORP
NTLA,INTELLA THERAPEUTICS INC
INS,INTELLIGENT SYSTEMS CORP
I,INTELSAT SA
IPAR,INTER PARFUMS INC
IBKR,INTERACTIVE BROKERS GRP
ICPT,INTERCEPT PHARMA INC
ICE,INTERCONTINENTAL EXCH
IDCC,INTERDIGITAL INC
TILE,INTERFACE INC
IBOC,INTERNATIONAL BANCSHARES
IGT,INTERNATIONAL GAME TECH
IMXI,INTERNATIONAL MONEY EXP
JBGS,JBG SMITH PROPERTIES
JEF,JEFFERIES FINANCIAL GRP
JELD,JELD-WEN HOLDING INC
JCAP,JERNIGAN CAP INC
JBLU,JETBLUE AIRWAYS CORP
JILL,JJILL INC
JBT,JOHN BEAN TECH CORP
JNJ,JOHNSON & JOHNSON
JCI,JOHNSON CONTROLS INTNL
JOUT,JOHNSON OUTDOORS INC
JLL,JONES LANG LASALLE INC
JNCE,JOUNCE THERAPEUTICS INC
JPM,JPMORGAN CHASE & CO
JNPR,JUNIPER NETWORKS INC
LRN,K12 INC
KAI,KADANT INC
KDMN,KADMON HOLIDINGS INC
KALU,KAISER ALUMINUM CORP
KALA,KALA PHARMACEUTICALS
KLDO,KALEIDO BIOSCIENCES
KALV,KALVISTA PHARMACEUTICALS
KAMN,KAMAN CORP
KSU,KANSAS CITY SOUTHERN
KAR,KAR AUCTION SERVICES INC
KPTI,KARYOPHARM THERAPEUTICS
KBH,KB HOME
KBR,KBR INC
FRAC,KEANE GROUP INC
KRNY,KEARNY FINANCIAL CORP
K,KELLOGG CO
KELYA,KELLY SERVICES INC
KEM,KEMET CORP
KMPR,KEMPER CORPORATION
KMT,KENNAMETAL INC
KW,KENNEDY-WILSON HLDGS INC
KDP,KEURIG DR PEPPER INC
KEY,KEYCORP
KEYS,KEYSIGHT TECHNOLOGIES
KZR,KEZAR LIFE SCIENCES
KFRC,KFORCE INC
KRC,KILROY REALTY CORP
KE,KIMBALL ELECTRONICS INC
KBAL,KIMBALL INTERNATIONAL
KMB,KIMBERLY CLARK CORP
KIM,KIMCO REALTY CORP
KMI,KINDER MORGAN INC
KIN,KINDRED BIOSCIENCES INC
KNSA,KINIKSA PHARMACEUTICALS
KNSL,KINSALE CAPITAL GROUP
LEA,LEAR CORP
LEE,LEE ENTERPRISES INC
LEGH,LEGACY HOUSING CORP
LTXB,LEGACYTEXAS FIN GROUP
LM,LEGG MASON INC
LEG,LEGGETT & PLATT INC
LDOS,LEIDOS HOLDINGS INC
LMAT,LEMAITRE VASCULAR INC
LC,LENDINGCLUB CORPORATION
TREE,LENDINGTREE INC
LEN,LENNAR CORP CL A
LEN.B,LENNAR CORP CL B
LII,LENNOX INTERNATIONAL INC
LEVL,LEVEL ONE BANCORP INC
LXRX,LEXICON PHARMACEUTICALS
LXP,LEXINGTON REALTY TRUST
LGIH,LGI HOMES INC
LHCG,LHC GROUP INC
BATRA,LIBERTY BRAVES SERIES A
BATRK,LIBERTY BRAVES SERIES C
LBRDA,LIBERTY BROADBAND CL A
LBRDK,LIBERTY BROADBAND CL C
LEXEA,LIBERTY EXPEDIA HOLDINGS
FWONA,LIBERTY FORMULA 1 SER A
FWONK,LIBERTY FORMULA 1 SER C
LILA,LIBERTY LATIN AMERICA A
LILAK,LIBERTY LATIN AMERICA C
LBRT,LIBERTY OILFIELD SERVICE
LPT,LIBERTY PROPERTY TRUST
LSXMA,LIBERTY SIRIUSXM SER A
LSXMK,LIBERTY SIRIUSXM SER C
LTRPA,LIBERTY TRIPADVISOR HLDG
LSI,LIFE STORAGE INC
LCUT,LIFETIME BRANDS INC
LFVN,LIFEVANTAGE CORP
LGND,LIGAND PHARMACEUTICALS
LLY,LILLY ELI & CO
LLNW,LIMELIGHT NETWORKS INC
LMNR,LIMONEIRA CO
LECO,LINCOLN ELECTRIC HLDGS
LNC,LINCOLN NATIONAL CORP
LIND,LINDBLAD EXPEDITIONS INC
LIN,LINDE PLC
LNN,LINDSAY CORP
LGF.A,LIONS GATE ENT CLASS A
LGF.B,LIONS GATE ENT CLASS B
LQDA,LIQUIDA TECHNOLOGIES INC
LQDT,LIQUIDITY SERVICES INC
LAD,LITHIA MOTORS INC
MNK,MALLINCKRODT PLC
MLVF,MALVERN BANCORP INC
TUSK,MAMMOTH ENERGY SERVICES
MANH,MANHATTAN ASSOCS INC
MTW,MANITOWOC CO INC
MNKD,MANNKIND CORP
MAN,MANPOWERGROUP
MANT,MANTECH INTERNATIONAL
MRO,MARATHON OIL CORP
MPC,MARATHON PETROLEUM CORP
MCHX,MARCHEX INC
MMI,MARCUS & MILLICHAP
MCS,MARCUS CORP
MPX,MARINE PRODUCTS CORP
HZO,MARINEMAX INC
MRNS,MARINUS PHARMACEUTICALS
MKL,MARKEL CORP
MRKR,MARKER THERAPEUTICS INC
MKTX,MARKETAXESS HOLDINGS INC
MRLN,MARLIN BUSINESS SVCS
MAR,MARRIOTT INTL INC
VAC,MARRIOTT VAC WORLD CORP
MBII,MARRONE BIO INNOVATIONS
MMC,MARSH & MCLENNAN COS
MRTN,MARTEN TRANS LTD
MLM,MARTIN MARIETTA MTLS
MRVL,MARVELL TECHNOLOGY GROUP
MAS,MASCO CORP
MASI,MASIMO CORPORATION
DOOR,MASONITE INTL CORP
MTZ,MASTEC INC
MA,MASTERCARD INC
MCFT,MASTERCRAFT BOAT HOLDING
MTDR,MATADOR RES CO
MTCH,MATCH GROUP INC
MTRN,MATERION CORPORATION
MTRX,MATRIX SERVICE CO
MATX,MATSON INC
MAT,MATTEL INC
MATW,MATTHEWS INTERNATIONAL
MLP,MAUI LAND & PINEAPPLE CO
MAXR,MAXAR TECHNOLOGIES INC
MXIM,MAXIM INTEGRATED PRODS
MMS,MAXIMUS INC
MXL,MAXLINEAR INC
MEC,MAYVILLE ENGINEERING
MBI,MBIA INC
MBTF,MBT FINL CORP
MKC,MCCORMICK & CO INC
MAA,MID-AMER APT CMNTYS
MIDD,MIDDLEBY CORP
MSEX,MIDDLESEX WATER CO
MSBI,MIDLAND STATES BANCORP
MSL,MIDSOUTH BANCORP INC
MPO,MIDSTATES PETROLEUM CO
MOFG,MIDWESTONE FINL GROUP
MCRN,MILACRON HOLDINGS CORP
MLND,MILLENDO THERAPEUTICS
MLR,MILLER INDUSTRIES INC
MTX,MINERALS TECHNOLOGIES
NERV,MINERVA NEUROSCIENCES
MRTX,MIRATI THERAPEUTICS INC
MSON,MISONIX INC
MG,MISTRAS GROUP INC
MITK,MITEK SYS INC
MKSI,MKS INSTRUMENTS INC
MMAC,MMA CAPITAL HOLDINGS INC
MINI,MOBILE MINI INC
MOBL,MOBILEIRON INC
MODN,MODEL N INC
MRNA,MODERNA
MOD,MODINE MANUFACTURING CO
MC,MOELIS & CO
MHK,MOHAWK INDUSTRIES INC
MTEM,MOLECULAR TEMPLATES
MOH,MOLINA HEALTHCARE INC
TAP,MOLSON COORS BREWING CO
MNTA,MOMENTA PHARMACEUTICALS
MCRI,MONARCH CASINO & RESORT
MDLZ,MONDELEZ INTERNATIONAL
MDB,MONGODB
MNR,MONMOUTH REAL ESTATE
MPWR,MONOLITHIC POWER SYSTEMS
TYPE,MONOTYPE IMAGING HLDG
MNRO,MONRO INC
MNST,MONSTER BEVERAGE CORP
MR,MONTAGE RESOURCES CORP
MCO,MOODYS CORP
MOG.A,MOOG INC
MS,MORGAN STANLEY
MORN,MORNINGSTAR INC
MOS,MOSAIC COMPANY
MPAA,MOTORCAR PTS AMERICA INC
MSI,MOTOROLA SOLUTIONS INC
MOV,MOVADO GROUP INC
COOP,MR. COOPER GROUP INC
MRC,MRC GLOBAL INC
MSA,MSA SAFETY INC
NBTB,NBT BANCORP INC
NCR,NCR CORP
NCSM,NCS MULTISTAGE HOLD
NP,NEENAH INC
NKTR,NEKTAR THERAPEUTICS
NNI,NELNET INC
NEOG,NEOGEN CORP
NEO,NEOGENOMICS INC
NTGN,NEON THERAPEUTICS
NPTN,NEOPHOTONICS CORP
NTAP,NETAPP INC
NFLX,NETFLIX INC
NTGR,NETGEAR INC
NTCT,NETSCOUT SYSTEMS INC
NBIX,NEUROCRINE BIOSCIENCES
STIM,NEURONETICS INC
NVRO,NEVRO CORP
NBEV,NEW AGE BEVERAGES CORP
NJR,NEW JERSEY RESOURCES
NEWM,NEW MEDIA INVT GROUP INC
NEWR,NEW RELIC INC
NRZ,NEW RESIDENTIAL INVT
SNR,NEW SR INVT GROUP INC
NYCB,NEW YORK CMNTY BANCORP
NYMT,NEW YORK MTG TR INC
NYT,NEW YORK TIMES CO
NWL,NEWELL BRANDS INC
NMRK,NEWMARK GROUP INC
NEU,NEWMARKET CORPORATION
NEM,NEWMONT GOLDCORP CORP
NR,NEWPARK RESOURCES INC
NWSA,NEWS CORP CL A
NWS,NEWS CORP CL B
NXRT,NEXPOINT RESIDENTIAL TR
NXST,NEXSTAR MEDIA GROUP INC
NXTC,NEXTCURE
NEXT,NEXTDECADE
NEE,NEXTERA ENERGY INC
NXGN,NEXTGEN HEALTHCARE INC
NGM,NGM BIOPHARMACEUTICALS
NODK,NI HOLDINGS INC
EGOV,NIC INC
NCBS,NICOLET BANKSHARES INC
NLSN,NIELSEN HOLDINGS PLC
NIHD,NII HOLDINGS INC
NKE,NIKE INC
NINE,NINE ENERGY SERVICE INC
NI,NISOURCE INC
NL,NL INDUSTRIES INC
ODT,ODONATE THERAPEUTICS INC
ODP,OFFICE DEPOT INC
OPI,OFFICE PPTY INCOME TRUST
OFG,OFG BANCORP
OGE,OGE ENERGY CORP
OVBC,OHIO VY BANC CORP
ODC,OIL DRI CORP OF AMERICA
OIS,OIL STATES INTERNATIONAL
OKTA,OKTA INC
ODFL,OLD DOMINION FREIGHT
OLBK,OLD LINE BANCSHARES INC
ONB,OLD NATIONAL BANCORP
ORI,OLD REPUBLIC INTL CORP
OSBC,OLD SECOND BANCORP INC
OLN,OLIN CORP
OLLI,OLLIES BARGAIN OUTLET
ZEUS,OLYMPIC STEEL INC
OFLX,OMEGA FLEX INC
OHI,OMEGA HEALTHCARE INVS
OMER,OMEROS CORP
OMCL,OMNICELL INC
OMC,OMNICOM GROUP INC
OMN,OMNOVA SOLUTIONS INC
ONDK,ON DECK CAPITAL INC
ON,ON SEMICONDUCTOR CORP
OCX,ONCOCYTE CORPORATION
OGS,ONE GAS INC
OLP,ONE LIBERTY PROPERTIES
OMF,ONEMAIN HOLDINGS INC
OKE,ONEOK INC
OSPN,ONESPAN INC
OSW,ONESPAWORLD HOLDINGS
OOMA,OOMA INC
OPBK,OP BANCORP
OPK,OPKO HEALTH INC
OPY,OPPENHEIMER HOLDINGS INC
OPRX,OPTIMIZERX CORP
OPTN,OPTINOSE INC
OPB,OPUS BK IRVINE CALIF
ORCL,ORACLE CORP
OSUR,ORASURE TECHNOLOGIES INC
ORBC,ORBCOMM INC
ORC,ORCHID ISLAND CAPITAL
ORGO,ORGANOGENESIS
OBNK,ORIGIN BANCORP
OEC,ORION ENGINEERED CARBONS
ORIT,ORITANI FINANCIAL CORP
ORA,ORMAT TECHNOLOGIES INC
ORRF,ORRSTOWN FINL SVCS INC
PAYX,PAYCHEX INC
PAYC,PAYCOM SOFTWARE INC
PCTY,PAYLOCITY HLDG CORP
PYPL,PAYPAL HOLDINGS INC
PAYS,PAYSIGN INC
PBF,PBF ENERGY INC
PCMI,PCM INC
PCSB,PCSB FINANCIAL CORP
PDCE,PDC ENERGY INC
PDFS,PDF SOLUTIONS INC
PDLI,PDL BIOPHARMA INC
PDLB,PDL COMMUNITY BANCORP
ATEX,PDVWIRELESS INC
BTU,PEABODY ENERGY CORP
PGC,PEAPACK-GLADSTONE FINL
PEB,PEBBLEBROOK HOTEL TRUST
PEGA,PEGASYSTEMS INC
PENN,PENN NATIONAL GAMING INC
PVAC,PENN VIRGINIA CORP
JCP,PENNEY J C INC
PWOD,PENNS WOODS BANCORP INC
PEI,PENNSYLVANIA REAL ESTATE
PFSI,PENNYMAC FINL SVCS INC
PMT,PENNYMAC MORTGAGE INV
PAG,PENSKE AUTOMOTIVE GROUP
PNR,PENTAIR PLC
PEN,PENUMBRA INC
PEBO,PEOPLES BANCORP INC
PEBK,PEOPLES BANCORP N C INC
PFIS,PEOPLES FINL SVCS CORP
PBCT,PEOPLES UNITED FINANCIAL
PUB,PEOPLES UTAH BANCORP
PEP,PEPSICO INC
PRFT,PERFICIENT INC
PFGC,PERFORMANCE FOOD GROUP
PKI,PERKINELMER INC
PRGO,PERRIGO CO PLC
PRSP,PERSPECTA
PETQ,PETIQ
PETS,PETMED EXPRESS INC
PFNX,PFENEX INC
PFE,PFIZER INC
PCG,PG&E CORP
PGTI,PGT INNOVATIONS INC
PHAS,PHASEBIO PHARMACEUTICALS
PAHC,PHIBRO ANIMAL HEALTH
PM,PHILIP MORRIS INTL
PSX,PHILLIPS 66
PLAB,PHOTRONICS INC
PRI,PRIMERICA INC
PRMW,PRIMO WTR CORP
PRIM,PRIMORIS SVCS CORP
PFG,PRINCIPAL FINANCIAL GRP
PRNB,PRINCIPIA BIOPHARMA
PRTH,PRIORITY TECHNOLOGY
PRA,PROASSURANCE CORP
PG,PROCTER & GAMBLE CO
PGNX,PROGENICS PHARMACEUTICAL
PRGS,PROGRESS SOFTWARE CORP
PGR,PROGRESSIVE CORP
PLD,PROLOGIS INC
PFPT,PROOFPOINT INC
PUMP,PROPETRO HOLDING CO
PRO,PROS HOLDINGS INC
PB,PROSPERITY BANCSHARES
PTGX,PROTAGONIST THERAPEUTICS
PTVCB,PROTECTIVE INSURANCE (B)
PRTA,PROTHENA CORP PLC
PRLB,PROTO LABS INC
PRSC,PROVIDENCE SERVICE CORP
PVBC,PROVIDENT BANCORP INC
PFS,PROVIDENT FINANCIAL SVCS
PROV,PROVIDENT FINL HLDGS INC
PBIP,PRUDENTIAL BANCORP INC
PRU,PRUDENTIAL FINANCIAL INC
PSB,PS BUSINESS PARKS INC
PTC,PTC INC
PTCT,PTC THERAPEUTICS INC
PSA,PUBLIC STORAGE INC
PEG,PUBLIC SVC ENTERPRISE
PLSE,PULSE BIOSCIENCES INC
PHM,PULTEGROUP INC
PBYI,PUMA BIOTECHNOLOGY INC
PSTG,PURE STORAGE INC
PCYO,PURECYCLE CORP
PRPL,PURPLE INNOVATION INC
PVH,PVH CORP
PYX,PYXUS INTERNATIONAL INC
PZN,PZENA INVESTMENT MGMT
QTWO,Q2 HLDGS INC
QADA,QAD INC
QCRH,QCR HOLDINGS INC
QEP,QEP RESOURCES INC
QGEN,QIAGEN NV
QRVO,QORVO INC
QTS,QTS REALTY TRUST INC
QUAD,QUAD / GRAPHICS INC
KWR,QUAKER CHEMICAL CORP
RM,REGIONAL MGMT CORP
RF,REGIONS FINANCIAL CORP
RGS,REGIS CORP
RGA,REINSURANCE GRP OF AMER
RS,RELIANCE STEEL & ALUM
RBNC,RELIANT BANCORP INC
RNR,RENAISSANCERE HOLDINGS
RNST,RENASANT CORP
REGI,RENEWABLE ENER GROUP INC
RCII,RENT A CENTER INC
RGEN,REPLIGEN CORP
REPL,REPLIMUNE GROUP INC
RBCAA,REPUBLIC BANCORP INC KY
FRBK,REPUBLIC FIRST BANCORP
RSG,REPUBLIC SERVICES INC
REZI,RESIDEO TECHNOLOGIES
RMD,RESMED INC
RECN,RESOURCES CONNECTION
TORC,RESTORBIO INC
ROIC,RETAIL OPPORTUNITY INVTS
RPAI,RETAIL PPTYS AMER INC
RVI,RETAIL VALUE INC
RTRX,RETROPHIN INC
REVG,REV GROUP INC
RVNC,REVANCE THERAPEUTICS INC
REV,REVLON INC
REX,REX AMERICAN RESOURCES
REXR,REXFORD INDUSTRIAL RLTY
RXN,REXNORD CORP
RGCO,RGC RES INC
RH,RH
RYTM,RHYTHM PHARMACEUTICALS
RBBN,RIBBON COMMUNICATIONS
RIGL,RIGEL PHARMACEUTICALS
RNET,RIGNET INC
RMNI,RIMINI STREET INC
REI,RING ENERGY INC
RNG,RINGCENTRAL INC
RAD,RITE AID CORP
RVSB,RIVERVIEW BANCORP INC
RLI,RLI CORP
RLJ,RLJ LODGING TR
RMR,RMR GROUP INC
RRTS,ROADRUNNER TRNSN SVCS
ROAN,ROAN RESOURCES
RHI,ROBERT HALF INTL INC
RCKT,ROCKET PHARMACEUTICALS
ROK,ROCKWELL AUTOMATION INC
RMTI,ROCKWELL MEDICAL INC
SBAC,SBA COMMUNICATIONS CORP
SCSC,SCANSOURCE INC
HSIC,SCHEIN HENRY INC
SLB,SCHLUMBERGER LTD
SNDR,SCHNEIDER NATIONAL INC
SCHN,SCHNITZER STEEL INDS
SRRK,SCHOLAR ROCK HOLDING
SCHL,SCHOLASTIC CORP
SCHW,SCHWAB CHARLES CORP
SWM,SCHWEITZER-MAUDUIT INTL
SAIC,SCIENCE APPLICATIONS INT
SGMS,SCIENTIFIC GAMES CORP
SALT,SCORPIO BULKERS INC
STNG,SCORPIO TANKERS INC
SMG,SCOTTS MIRACLE-GRO CO
SSP,SCRIPPS E W CO
SEB,SEABOARD CORP
SBCF,SEACOAST BANKING CORP FL
CKH,SEACOR HOLDINGS INC
SMHI,SEACOR MARINE HOLDINGS
SDRL,SEADRILL LIMITED
SEE,SEALED AIR CORP
SPNE,SEASPINE HOLDINGS CORP
SGEN,SEATTLE GENETICS INC
SEAS,SEAWORLD ENTMT INC
SCWX,SECUREWORKS CORP
SEIC,SEI INVESTMENTS CO
SLCT,SELECT BANCORP INC
WTTR,SELECT ENERGY SERVICES
SIC,SELECT INTERIOR CONCEPTS
SEM,SELECT MEDICAL HOLDINGS
SIGI,SELECTIVE INSURANCE GRP
SEMG,SEMGROUP CORP
SRE,SEMPRA ENERGY
SMTC,SEMTECH CORP
SENEA,SENECA FOODS CORP
SNH,SENIOR HOUSING PPTYS TR
ST,SENSATA TECHNOLOGIES
SENS,SENSEONICS HOLDINGS INC
SXT,SENSIENT TECHNOLOGIES
MCRB,SERES THERAPEUTICS INC
SRG,SERITAGE GROWTH PROP
SCI,SERVICE CORP INTL
SERV,SERVICEMASTER GLOBAL
NOW,SERVICENOW INC
SFBS,SERVISFIRST BANCSHARES
SHAK,SHAKE SHACK INC
SHSP,SHARPSPRING INC
SHEN,SHENANDOAH TELECOMM CO
SOLY,SOLITON INC
SAH,SONIC AUTOMOTIVE INC
SONM,SONIM TECHNOLOGIES
SON,SONOCO PRODUCTS CO
SONO,SONOS INC
SRNE,SORRENTO THERAPEUTICS
BID,SOTHEBYS
SJI,SOUTH JERSEY INDUSTRIES
SPFI,SOUTH PLAINS FINANCIAL
SSB,SOUTH STATE CORPORATION
SO,SOUTHERN CO
SCCO,SOUTHERN COPPER CORP
SFST,SOUTHERN FIRST BANCSHARE
SMBC,SOUTHERN MO BANCORP INC
SONA,SOUTHERN NATL BANCORP
SBSI,SOUTHSIDE BANCSHARES INC
LUV,SOUTHWEST AIRLINES CO
SWX,SOUTHWEST GAS HOLDINGS
SWN,SOUTHWESTERN ENERGY CO
SP,SP PLUS CORPORATION
SPKE,SPARK ENERGY INC
ONCE,SPARK THERAPEUTICS INC
SPAR,SPARTAN MOTORS INC
SPTN,SPARTANNASH COMPANY
SPB,SPECTRUM BRANDS HOLDINGS
SPPI,SPECTRUM PHARMACEUTICALS
TRK,SPEEDWAY MOTORSPORTS INC
SPRO,SPERO THERAPEUTICS INC
SR,SPIRE INC
SPR,SPIRIT AEROSYSTEMS
SAVE,SPIRIT AIRLS INC
SMTA,SPIRIT MTA REIT
STXB,SPIRIT OF TEXAS BNCSHRES
SRC,SPIRIT RLTY CAP INC
SPLK,SPLUNK INC
SPOK,SPOK HOLDINGS INC
SPWH,SPORTSMANS WHSE HLDGS
SPOT,SPOTIFY TECHNOLOGY SA
S,SPRINT CORP
SFM,SPROUTS FRMRS MKT INC
SPSC,SPS COMM INC
SPXC,SPX CORP
FLOW,SPX FLOW INC
SQ,SQUARE INC
SRCI,SRC ENERGY INC
SSNC,SS&C TECHNOLOGIES HLDGS
JOE,ST JOE CO
STAA,STAAR SURGICAL CO
STAG,STAG INDL INC
SYMC,SYMANTEC CORP
SYNL,SYNALLOY CORP
SYNA,SYNAPTICS INC
SNCR,SYNCHRONOSS TECHNOLOGY
SYF,SYNCHRONY FINANCIAL
SNDX,SYNDAX PHARMACEUTICALS
SYNH,SYNEOS HEALTH INC
SYBX,SYNLOGIC INC
SNX,SYNNEX CORP
SNPS,SYNOPSYS INC
SNV,SYNOVUS FINANCIAL CORP
THOR,SYNTHORX
SYRS,SYROS PHARMACEUTICALS
SYY,SYSCO CORP
SYX,SYSTEMAX INC
DATA,TABLEAU SOFTWARE INC
TRHC,TABULA RASA HEALTHCARE
TCMD,TACTILE SYSTEMS TECH
TLRD,TAILORED BRANDS INC
TTWO,TAKE-TWO INTERACTIVE
TALO,TALOS ENERGY INC
TNDM,TANDEM DIABETES CARE INC
SKT,TANGER FACTORY OUTLET
TPR,TAPESTRY INC
TRGP,TARGA RESOURCES INC
TGT,TARGET CORP
TH,TARGET HOSPITALITY (A)
TCO,TAUBMAN CENTERS INC
TMHC,TAYLOR MORRISON HOME II
TCF,TCF FINANCIAL CORP
TCRR,TCR2 THERAPEUTICS
AMTD,TD AMERITRADE HOLDING
TISI,TEAM INC
TECD,TECH DATA CORP
TTGT,TECHTARGET INC
TK,TEEKAY CORP
TNK,TEEKAY TANKERS LTD
TGNA,TEGNA INC
TRC,TEJON RANCH CO
TDOC,TELADOC HEALTH INC
TLRA,TELARIA INC
TDY,TELEDYNE TECHNOLOGIES
TFX,TELEFLEX INC
TNAV,TELENAV INC
TDS,TELEPHONE & DATA SYSTEMS
TELL,TELLURIAN INC
TPX,TEMPUR SEALY INTL INC
TENB,TENABLE HOLDINGS
TMUS,T-MOBILE US INC
TR,TOOTSIE ROLL INDUSTRIES
BLD,TOPBUILD CORP
TMK,TORCHMARK CORP
TTC,TORO CO
TSS,TOTAL SYSTEM SERVICES
TOWR,TOWER INTERNATIONAL INC
TOWN,TOWNEBANK PORTSMOUTH VA
TRTX,TPG RE FINANCE TRUST
TPIC,TPI COMPOSITES INC
TSCO,TRACTOR SUPPLY CO
TRNS,TRANSCAT INC
TCI,TRANSCONTINENTAL REALTY
TDG,TRANSDIGM GROUP INC
TRXC,TRANSENTERIX INC
TBIO,TRANSLATE BIO INC
TMDX,TRANSMEDICS GROUP
RIG,TRANSOCEAN LTD
TRU,TRANSUNION
TRV,TRAVELERS COS INC
TZOO,TRAVELZOO
TREC,TRECORA RESOURCES
TG,TREDEGAR CORP
THS,TREEHOUSE FOODS INC
TREX,TREX INC
TPH,TRI POINTE GROUP INC
TRCO,TRIBUNE MEDIA CO
TPCO,TRIBUNE PUBLISHING CO
TCDA,TRICIDA INC
TCBK,TRICO BANCSHARES
TRS,TRIMAS CORP
TRMB,TRIMBLE INC
TNET,TRINET GROUP INC
TRN,TRINITY INDUSTRIES INC
TSE,TRINSEO SA
TRIP,TRIPADVISOR INC
GTS,TRIPLE-S MANAGEMENT CORP
TSC,TRISTATE CAP HLDGS INC
TRTN,TRITON INTERNATIONAL LTD
TBK,TRIUMPH BANCORP INC
TGI,TRIUMPH GROUP INC
TROX,TRONOX HOLDINGS PLC
TBI,TRUEBLUE INC
TRUE,TRUECAR INC
TRUP,TRUPANION INC
TRST,TRUSTCO BANK CORP NY
TRMK,TRUSTMARK CORP
TTEC,TTEC HOLDINGS INC
TTMI,TTM TECHNOLOGIES INC
TCX,TUCOWS INC
X,UNITED STATES STEEL CORP
UTX,UNITED TECHNOLOGIES
UTHR,UNITED THERAPEUTICS
UNH,UNITEDHEALTH GROUP INC
UNIT,UNITI GROUP INC
UTL,UNITIL CORP
UNTY,UNITY BANCORP INC
UBX,UNITY BIOTECHNOLOGY
UNVR,UNIVAR INC
UVV,UNIVERSAL CORP
OLED,UNIVERSAL DISPLAY CORP
UEIC,UNIVERSAL ELECTRONICS
UFPI,UNIVERSAL FOREST PRODS
UHT,UNIVERSAL HEALTH REALTY
UHS,UNIVERSAL HEALTH SVCS
UVE,UNIVERSAL INSURANCE
ULH,UNIVERSAL LOGISTICS HLDG
UVSP,UNIVEST FINANCIAL CORPOR
UNM,UNUM GROUP
UPLD,UPLAND SOFTWARE INC
UPWK,UPWORK
UEC,URANIUM ENERGY CORP
UE,URBAN EDGE PROPERTIES
URBN,URBAN OUTFITTERS INC
URGN,UROGEN PHARMA
UBA,URSTADT BIDDLE PPTYS INS
USB,US BANCORP
ECOL,US ECOLOGY INC
USFD,US FOODS HOLDING CORP
USX,US XPRESS ENTERPRISES
USAT,USA TECHNOLOGIES INC
USNA,USANA HEALTH SCIENCES
UTMD,UTAH MED PRODS INC
VFC,V F CORP
MTN,VAIL RESORTS INC
VLO,VALERO ENERGY CORP
VHI,VALHI INC
VLY,VALLEY NATIONAL BANCORP
VMI,VALMONT INDUSTRIES INC
VALU,VALUE LINE INC
VVV,VALVOLINE INC
VNDA,VANDA PHARMACEUTICALS
VAPO,VAPOTHERM
VREX,VAREX IMAGING
VAR,VARIAN MEDICAL SYSTEMS
VRNS,VARONIS SYSTEMS INC
VBIV,VBI VACCINES INC
VGR,VECTOR GROUP LTD
VEC,VECTRUS INC
WTI,W&T OFFSHORE INC
WNC,WABASH NATIONAL CORP
WBC,WABCO HOLDINGS INC
WAB,WABTEC CORP
WDR,WADDELL & REED FINANCIAL
WAGE,WAGEWORKS INC
WTRH,WAITR HOLDINGS INC
WBA,WALGREENS BOOTS ALLIANCE
WD,WALKER & DUNLOP INC
WMT,WALMART INC
HCC,WARRIOR MET COAL INC
WAFD,WASHINGTON FED INC
WPG,WASHINGTON PRIME GROUP
WRE,WASHINGTON REAL ESTATE
WASH,WASHINGTON TRUST BANCORP
WM,WASTE MGMT INC
WAT,WATERS CORP
WSBF,WATERSTONE FINANCIAL INC
WTRE,WATFORD HOLDINGS
WSO,WATSCO INC
WTS,WATTS WATER TECH INC
WVE,WAVE LIFE SCIENCES LTD
W,WAYFAIR INC
WDFC,WD-40 CO
WBS,WEBSTER FINANCIAL CORP
WEC,WEC ENERGY GROUP INC
WW,WEIGHT WATCHERS INTL INC
WRI,WEINGARTEN RLTY INVS
WMK,WEIS MARKETS INC
WBT,WELBILT
WCG,WELLCARE HEALTH PLANS
WFC,WELLS FARGO & CO
WELL,WELLTOWER INC
WERN,WERNER ENTERPRISES INC
WSBC,WESBANCO INC
WAIR,WESCO AIRCRAFT HLDGS INC
WCC,WESCO INTERNATIONAL INC
WTBA,WEST BANCORPORATION INC
WST,WEST PHARMACEUTICAL SVCS
WABC,WESTAMERICA BANCORP
WAL,WESTERN ALLIANCE BANCORP
WMC,WESTERN ASSET MTG CAP
WDC,WESTERN DIGITAL CORP
WNEB,WESTERN NEW ENGLAND
WU,WESTERN UNION CO
WLK,WESTLAKE CHEMICAL CORP
WRK,WESTROCK CO
WHG,WESTWOOD HOLDINGS GROUP
WEX,WEX INC
YETI,YETI HOLDINGS
YEXT,YEXT INC
YORW,YORK WATER COMPANY
YGYI,YOUNGEVITY INTERNATIONAL
YRCW,YRC WORLDWIDE INC
YUMC,YUM CHINA HOLDINGS INC
YUM,YUM! BRANDS INC
ZAGG,ZAGG INC
ZAYO,ZAYO GROUP HOLDINGS INC
ZBRA,ZEBRA TECHNOLOGIES CORP
ZEN,ZENDESK INC
ZG,ZILLOW GROUP INC CLASS A
Z,ZILLOW GROUP INC CLASS C
ZBH,ZIMMER BIOMET HOLDINGS
ZION,ZION BANCORPORATION NA
ZIOP,ZIOPHARM ONCOLOGY INC
ZIXI,ZIX CORP
ZTS,ZOETIS INC
ZGNX,ZOGENIX INC
ZS,ZSCALER
ZUMZ,ZUMIEZ INC
ZUO,ZUORA
ZYNE,ZYNERBA PHARMACEUTICALS
ZYXI,ZYNEX
ZNGA,ZYNGA INC
